[2025-04-24 16:03:51.402] [28813] [HailoRT] [info] [edge_elements.cpp:187] [create] Created (LastAsyncEl0PostInferEl6AsyncHwEl)
[2025-04-24 16:03:51.403] [28813] [HailoRT] [info] [edge_elements.cpp:187] [create] Created (LastAsyncEl7AsyncHwEl)
[2025-04-24 16:03:51.403] [28813] [HailoRT] [info] [edge_elements.cpp:187] [create] Created (LastAsyncEl1AsyncHwEl)
[2025-04-24 16:03:51.403] [28813] [HailoRT] [info] [edge_elements.cpp:187] [create] Created (LastAsyncEl2AsyncHwEl)
[2025-04-24 16:03:51.403] [28813] [HailoRT] [info] [edge_elements.cpp:187] [create] Created (LastAsyncEl3AsyncHwEl)
[2025-04-24 16:03:51.403] [28813] [HailoRT] [info] [queue_elements.cpp:450] [create] Created (PushQEl0AsyncHwEl | timeout: 10s)
[2025-04-24 16:03:51.403] [28813] [HailoRT] [info] [filter_elements.cpp:375] [create] Created (PostInferEl0AsyncHwEl | Reorder - src_order: FCR, src_shape: (40, 40, 56), dst_order: FCR, dst_shape: (40, 40, 51))
[2025-04-24 16:03:51.403] [28813] [HailoRT] [info] [edge_elements.cpp:187] [create] Created (LastAsyncEl0PostInferEl0AsyncHwEl)
[2025-04-24 16:03:51.403] [28813] [HailoRT] [info] [edge_elements.cpp:187] [create] Created (LastAsyncEl8AsyncHwEl)
[2025-04-24 16:03:51.403] [28813] [HailoRT] [info] [queue_elements.cpp:450] [create] Created (PushQEl4AsyncHwEl | timeout: 10s)
[2025-04-24 16:03:51.403] [28813] [HailoRT] [info] [filter_elements.cpp:375] [create] Created (PostInferEl4AsyncHwEl | Reorder - src_order: FCR, src_shape: (80, 80, 56), dst_order: FCR, dst_shape: (80, 80, 51))
[2025-04-24 16:03:51.403] [28813] [HailoRT] [info] [edge_elements.cpp:187] [create] Created (LastAsyncEl0PostInferEl4AsyncHwEl)
[2025-04-24 16:03:51.403] [28813] [HailoRT] [info] [pipeline.cpp:891] [print_deep_description] EntryPushQEl0yolov8s_pose/input_layer1 | inputs: user | outputs: PreInferEl2yolov8s_pose/input_layer1(running in thread_id: 28842)
[2025-04-24 16:03:51.403] [28813] [HailoRT] [info] [pipeline.cpp:891] [print_deep_description] PreInferEl2yolov8s_pose/input_layer1 | inputs: EntryPushQEl0yolov8s_pose/input_layer1[0] | outputs: PushQEl2yolov8s_pose/input_layer1
[2025-04-24 16:03:51.403] [28813] [HailoRT] [info] [pipeline.cpp:891] [print_deep_description] PushQEl2yolov8s_pose/input_layer1 | inputs: PreInferEl2yolov8s_pose/input_layer1[0] | outputs: AsyncHwEl(running in thread_id: 28843)
[2025-04-24 16:03:51.403] [28813] [HailoRT] [info] [pipeline.cpp:891] [print_deep_description] AsyncHwEl | inputs: PushQEl2yolov8s_pose/input_layer1[0] | outputs: PushQEl0AsyncHwEl LastAsyncEl1AsyncHwEl LastAsyncEl2AsyncHwEl LastAsyncEl3AsyncHwEl PushQEl4AsyncHwEl LastAsyncEl5AsyncHwEl PushQEl6AsyncHwEl LastAsyncEl7AsyncHwEl LastAsyncEl8AsyncHwEl
[2025-04-24 16:03:51.403] [28813] [HailoRT] [info] [pipeline.cpp:891] [print_deep_description] PushQEl0AsyncHwEl | inputs: AsyncHwEl[0] | outputs: PostInferEl0AsyncHwEl(running in thread_id: 28845)
[2025-04-24 16:03:51.403] [28813] [HailoRT] [info] [pipeline.cpp:891] [print_deep_description] PostInferEl0AsyncHwEl | inputs: PushQEl0AsyncHwEl[0] | outputs: LastAsyncEl0PostInferEl0AsyncHwEl
[2025-04-24 16:03:51.403] [28813] [HailoRT] [info] [pipeline.cpp:891] [print_deep_description] LastAsyncEl0PostInferEl0AsyncHwEl | inputs: PostInferEl0AsyncHwEl[0] | outputs: user
[2025-04-24 16:03:51.403] [28813] [HailoRT] [info] [pipeline.cpp:891] [print_deep_description] LastAsyncEl1AsyncHwEl | inputs: AsyncHwEl[0] | outputs: user
[2025-04-24 16:03:51.403] [28813] [HailoRT] [info] [pipeline.cpp:891] [print_deep_description] LastAsyncEl2AsyncHwEl | inputs: AsyncHwEl[0] | outputs: user
[2025-04-24 16:03:51.403] [28813] [HailoRT] [info] [pipeline.cpp:891] [print_deep_description] LastAsyncEl3AsyncHwEl | inputs: AsyncHwEl[0] | outputs: user
[2025-04-24 16:03:51.403] [28813] [HailoRT] [info] [pipeline.cpp:891] [print_deep_description] PushQEl4AsyncHwEl | inputs: AsyncHwEl[0] | outputs: PostInferEl4AsyncHwEl(running in thread_id: 28846)
[2025-04-24 16:03:51.403] [28813] [HailoRT] [info] [pipeline.cpp:891] [print_deep_description] PostInferEl4AsyncHwEl | inputs: PushQEl4AsyncHwEl[0] | outputs: LastAsyncEl0PostInferEl4AsyncHwEl
[2025-04-24 16:03:51.403] [28813] [HailoRT] [info] [pipeline.cpp:891] [print_deep_description] LastAsyncEl0PostInferEl4AsyncHwEl | inputs: PostInferEl4AsyncHwEl[0] | outputs: user
[2025-04-24 16:03:51.403] [28813] [HailoRT] [info] [pipeline.cpp:891] [print_deep_description] LastAsyncEl5AsyncHwEl | inputs: AsyncHwEl[0] | outputs: user
[2025-04-24 16:03:51.403] [28813] [HailoRT] [info] [pipeline.cpp:891] [print_deep_description] PushQEl6AsyncHwEl | inputs: AsyncHwEl[0] | outputs: PostInferEl6AsyncHwEl(running in thread_id: 28844)
[2025-04-24 16:03:51.403] [28813] [HailoRT] [info] [pipeline.cpp:891] [print_deep_description] PostInferEl6AsyncHwEl | inputs: PushQEl6AsyncHwEl[0] | outputs: LastAsyncEl0PostInferEl6AsyncHwEl
[2025-04-24 16:03:51.403] [28813] [HailoRT] [info] [pipeline.cpp:891] [print_deep_description] LastAsyncEl0PostInferEl6AsyncHwEl | inputs: PostInferEl6AsyncHwEl[0] | outputs: user
[2025-04-24 16:03:51.403] [28813] [HailoRT] [info] [pipeline.cpp:891] [print_deep_description] LastAsyncEl7AsyncHwEl | inputs: AsyncHwEl[0] | outputs: user
[2025-04-24 16:03:51.403] [28813] [HailoRT] [info] [pipeline.cpp:891] [print_deep_description] LastAsyncEl8AsyncHwEl | inputs: AsyncHwEl[0] | outputs: user
[2025-04-24 16:03:51.437] [28833] [HailoRT] [info] [hef.cpp:1929] [get_network_group_and_network_name] No name was given. Addressing all networks of default network_group: yolov8s_pose
[2025-04-24 16:06:23.468] [28973] [HailoRT] [info] [device.cpp:49] [Device] OS Version: Linux 6.12.20+rpt-rpi-2712 #1 SMP PREEMPT Debian 1:6.12.20-1+rpt1~bpo12+1 (2025-03-19) aarch64
[2025-04-24 16:06:23.469] [28973] [HailoRT] [info] [control.cpp:108] [control__parse_identify_results] firmware_version is: 4.20.0
[2025-04-24 16:06:23.473] [28973] [HailoRT] [info] [control.cpp:108] [control__parse_identify_results] firmware_version is: 4.20.0
[2025-04-24 16:06:39.300] [29028] [HailoRT] [info] [device.cpp:49] [Device] OS Version: Linux 6.12.20+rpt-rpi-2712 #1 SMP PREEMPT Debian 1:6.12.20-1+rpt1~bpo12+1 (2025-03-19) aarch64
[2025-04-24 16:06:39.301] [29028] [HailoRT] [info] [control.cpp:108] [control__parse_identify_results] firmware_version is: 4.20.0
[2025-04-24 16:06:39.302] [29028] [HailoRT] [info] [control.cpp:108] [control__parse_identify_results] firmware_version is: 4.20.0
[2025-04-24 16:06:39.355] [29016] [HailoRT] [info] [vdevice.cpp:523] [create] Creating vdevice with params: device_count: 1, scheduling_algorithm: ROUND_ROBIN, multi_process_service: false
[2025-04-24 16:06:39.366] [29016] [HailoRT] [info] [device.cpp:49] [Device] OS Version: Linux 6.12.20+rpt-rpi-2712 #1 SMP PREEMPT Debian 1:6.12.20-1+rpt1~bpo12+1 (2025-03-19) aarch64
[2025-04-24 16:06:39.367] [29016] [HailoRT] [info] [control.cpp:108] [control__parse_identify_results] firmware_version is: 4.20.0
[2025-04-24 16:06:39.367] [29016] [HailoRT] [info] [vdevice.cpp:651] [create] VDevice Infos: 0001:01:00.0
[2025-04-24 16:06:39.452] [29016] [HailoRT] [info] [hef.cpp:1929] [get_network_group_and_network_name] No name was given. Addressing all networks of default network_group: yolov8s_pose
[2025-04-24 16:06:39.452] [29016] [HailoRT] [info] [hef.cpp:1929] [get_network_group_and_network_name] No name was given. Addressing all networks of default network_group: yolov8s_pose
[2025-04-24 16:06:39.499] [29043] [HailoRT] [info] [internal_buffer_manager.cpp:204] [print_execution_results] Planned internal buffer memory: CMA memory 0, user memory 6148096. memory to edge layer usage factor is 0.7699904
[2025-04-24 16:06:39.499] [29043] [HailoRT] [info] [internal_buffer_manager.cpp:212] [print_execution_results] Default Internal buffer planner executed successfully
[2025-04-24 16:06:39.541] [29043] [HailoRT] [info] [device_internal.cpp:57] [configure] Configuring HEF took 55.776278 milliseconds
[2025-04-24 16:06:39.541] [29043] [HailoRT] [info] [vdevice.cpp:749] [configure] Configuring HEF on VDevice took 56.221242 milliseconds
[2025-04-24 16:06:39.541] [29043] [HailoRT] [info] [infer_model.cpp:436] [configure] Configuring network group 'yolov8s_pose' with params: batch size: 2, power mode: PERFORMANCE, latency: NONE
[2025-04-24 16:06:39.542] [29043] [HailoRT] [info] [multi_io_elements.cpp:756] [create] Created (AsyncHwEl)
[2025-04-24 16:06:39.542] [29043] [HailoRT] [info] [queue_elements.cpp:450] [create] Created (EntryPushQEl0yolov8s_pose/input_layer1 | timeout: 10s)
[2025-04-24 16:06:39.542] [29043] [HailoRT] [info] [filter_elements.cpp:101] [create] Created (PreInferEl2yolov8s_pose/input_layer1 | Reorder - src_order: RGB4, src_shape: (640, 640, 3), dst_order: NHWC, dst_shape: (640, 640, 3))
[2025-04-24 16:06:39.542] [29043] [HailoRT] [info] [queue_elements.cpp:450] [create] Created (PushQEl2yolov8s_pose/input_layer1 | timeout: 10s)
[2025-04-24 16:06:39.542] [29043] [HailoRT] [info] [edge_elements.cpp:187] [create] Created (LastAsyncEl5AsyncHwEl)
[2025-04-24 16:06:39.542] [29043] [HailoRT] [info] [queue_elements.cpp:450] [create] Created (PushQEl6AsyncHwEl | timeout: 10s)
[2025-04-24 16:06:39.542] [29043] [HailoRT] [info] [filter_elements.cpp:375] [create] Created (PostInferEl6AsyncHwEl | Reorder - src_order: FCR, src_shape: (20, 20, 56), dst_order: FCR, dst_shape: (20, 20, 51))
[2025-04-24 16:06:39.542] [29043] [HailoRT] [info] [edge_elements.cpp:187] [create] Created (LastAsyncEl0PostInferEl6AsyncHwEl)
[2025-04-24 16:06:39.542] [29043] [HailoRT] [info] [edge_elements.cpp:187] [create] Created (LastAsyncEl7AsyncHwEl)
[2025-04-24 16:06:39.542] [29043] [HailoRT] [info] [edge_elements.cpp:187] [create] Created (LastAsyncEl1AsyncHwEl)
[2025-04-24 16:06:39.542] [29043] [HailoRT] [info] [edge_elements.cpp:187] [create] Created (LastAsyncEl2AsyncHwEl)
[2025-04-24 16:06:39.542] [29043] [HailoRT] [info] [edge_elements.cpp:187] [create] Created (LastAsyncEl3AsyncHwEl)
[2025-04-24 16:06:39.542] [29043] [HailoRT] [info] [queue_elements.cpp:450] [create] Created (PushQEl0AsyncHwEl | timeout: 10s)
[2025-04-24 16:06:39.542] [29043] [HailoRT] [info] [filter_elements.cpp:375] [create] Created (PostInferEl0AsyncHwEl | Reorder - src_order: FCR, src_shape: (40, 40, 56), dst_order: FCR, dst_shape: (40, 40, 51))
[2025-04-24 16:06:39.542] [29043] [HailoRT] [info] [edge_elements.cpp:187] [create] Created (LastAsyncEl0PostInferEl0AsyncHwEl)
[2025-04-24 16:06:39.542] [29043] [HailoRT] [info] [edge_elements.cpp:187] [create] Created (LastAsyncEl8AsyncHwEl)
[2025-04-24 16:06:39.542] [29043] [HailoRT] [info] [queue_elements.cpp:450] [create] Created (PushQEl4AsyncHwEl | timeout: 10s)
[2025-04-24 16:06:39.542] [29043] [HailoRT] [info] [filter_elements.cpp:375] [create] Created (PostInferEl4AsyncHwEl | Reorder - src_order: FCR, src_shape: (80, 80, 56), dst_order: FCR, dst_shape: (80, 80, 51))
[2025-04-24 16:06:39.543] [29043] [HailoRT] [info] [edge_elements.cpp:187] [create] Created (LastAsyncEl0PostInferEl4AsyncHwEl)
[2025-04-24 16:06:39.543] [29043] [HailoRT] [info] [pipeline.cpp:891] [print_deep_description] EntryPushQEl0yolov8s_pose/input_layer1 | inputs: user | outputs: PreInferEl2yolov8s_pose/input_layer1(running in thread_id: 29071)
[2025-04-24 16:06:39.543] [29043] [HailoRT] [info] [pipeline.cpp:891] [print_deep_description] PreInferEl2yolov8s_pose/input_layer1 | inputs: EntryPushQEl0yolov8s_pose/input_layer1[0] | outputs: PushQEl2yolov8s_pose/input_layer1
[2025-04-24 16:06:39.543] [29043] [HailoRT] [info] [pipeline.cpp:891] [print_deep_description] PushQEl2yolov8s_pose/input_layer1 | inputs: PreInferEl2yolov8s_pose/input_layer1[0] | outputs: AsyncHwEl(running in thread_id: 29072)
[2025-04-24 16:06:39.543] [29043] [HailoRT] [info] [pipeline.cpp:891] [print_deep_description] AsyncHwEl | inputs: PushQEl2yolov8s_pose/input_layer1[0] | outputs: PushQEl0AsyncHwEl LastAsyncEl1AsyncHwEl LastAsyncEl2AsyncHwEl LastAsyncEl3AsyncHwEl PushQEl4AsyncHwEl LastAsyncEl5AsyncHwEl PushQEl6AsyncHwEl LastAsyncEl7AsyncHwEl LastAsyncEl8AsyncHwEl
[2025-04-24 16:06:39.543] [29043] [HailoRT] [info] [pipeline.cpp:891] [print_deep_description] PushQEl0AsyncHwEl | inputs: AsyncHwEl[0] | outputs: PostInferEl0AsyncHwEl(running in thread_id: 29074)
[2025-04-24 16:06:39.543] [29043] [HailoRT] [info] [pipeline.cpp:891] [print_deep_description] PostInferEl0AsyncHwEl | inputs: PushQEl0AsyncHwEl[0] | outputs: LastAsyncEl0PostInferEl0AsyncHwEl
[2025-04-24 16:06:39.543] [29043] [HailoRT] [info] [pipeline.cpp:891] [print_deep_description] LastAsyncEl0PostInferEl0AsyncHwEl | inputs: PostInferEl0AsyncHwEl[0] | outputs: user
[2025-04-24 16:06:39.543] [29043] [HailoRT] [info] [pipeline.cpp:891] [print_deep_description] LastAsyncEl1AsyncHwEl | inputs: AsyncHwEl[0] | outputs: user
[2025-04-24 16:06:39.543] [29043] [HailoRT] [info] [pipeline.cpp:891] [print_deep_description] LastAsyncEl2AsyncHwEl | inputs: AsyncHwEl[0] | outputs: user
[2025-04-24 16:06:39.543] [29043] [HailoRT] [info] [pipeline.cpp:891] [print_deep_description] LastAsyncEl3AsyncHwEl | inputs: AsyncHwEl[0] | outputs: user
[2025-04-24 16:06:39.543] [29043] [HailoRT] [info] [pipeline.cpp:891] [print_deep_description] PushQEl4AsyncHwEl | inputs: AsyncHwEl[0] | outputs: PostInferEl4AsyncHwEl(running in thread_id: 29075)
[2025-04-24 16:06:39.543] [29043] [HailoRT] [info] [pipeline.cpp:891] [print_deep_description] PostInferEl4AsyncHwEl | inputs: PushQEl4AsyncHwEl[0] | outputs: LastAsyncEl0PostInferEl4AsyncHwEl
[2025-04-24 16:06:39.543] [29043] [HailoRT] [info] [pipeline.cpp:891] [print_deep_description] LastAsyncEl0PostInferEl4AsyncHwEl | inputs: PostInferEl4AsyncHwEl[0] | outputs: user
[2025-04-24 16:06:39.543] [29043] [HailoRT] [info] [pipeline.cpp:891] [print_deep_description] LastAsyncEl5AsyncHwEl | inputs: AsyncHwEl[0] | outputs: user
[2025-04-24 16:06:39.543] [29043] [HailoRT] [info] [pipeline.cpp:891] [print_deep_description] PushQEl6AsyncHwEl | inputs: AsyncHwEl[0] | outputs: PostInferEl6AsyncHwEl(running in thread_id: 29073)
[2025-04-24 16:06:39.543] [29043] [HailoRT] [info] [pipeline.cpp:891] [print_deep_description] PostInferEl6AsyncHwEl | inputs: PushQEl6AsyncHwEl[0] | outputs: LastAsyncEl0PostInferEl6AsyncHwEl
[2025-04-24 16:06:39.543] [29043] [HailoRT] [info] [pipeline.cpp:891] [print_deep_description] LastAsyncEl0PostInferEl6AsyncHwEl | inputs: PostInferEl6AsyncHwEl[0] | outputs: user
[2025-04-24 16:06:39.543] [29043] [HailoRT] [info] [pipeline.cpp:891] [print_deep_description] LastAsyncEl7AsyncHwEl | inputs: AsyncHwEl[0] | outputs: user
[2025-04-24 16:06:39.543] [29043] [HailoRT] [info] [pipeline.cpp:891] [print_deep_description] LastAsyncEl8AsyncHwEl | inputs: AsyncHwEl[0] | outputs: user
[2025-04-24 16:06:39.948] [29057] [HailoRT] [info] [hef.cpp:1929] [get_network_group_and_network_name] No name was given. Addressing all networks of default network_group: yolov8s_pose
[2025-04-24 16:08:03.536] [29199] [HailoRT] [info] [device.cpp:49] [Device] OS Version: Linux 6.12.20+rpt-rpi-2712 #1 SMP PREEMPT Debian 1:6.12.20-1+rpt1~bpo12+1 (2025-03-19) aarch64
[2025-04-24 16:08:03.538] [29199] [HailoRT] [info] [control.cpp:108] [control__parse_identify_results] firmware_version is: 4.20.0
[2025-04-24 16:08:03.538] [29199] [HailoRT] [info] [control.cpp:108] [control__parse_identify_results] firmware_version is: 4.20.0
[2025-04-24 16:08:03.590] [29188] [HailoRT] [info] [vdevice.cpp:523] [create] Creating vdevice with params: device_count: 1, scheduling_algorithm: ROUND_ROBIN, multi_process_service: false
[2025-04-24 16:08:03.602] [29188] [HailoRT] [info] [device.cpp:49] [Device] OS Version: Linux 6.12.20+rpt-rpi-2712 #1 SMP PREEMPT Debian 1:6.12.20-1+rpt1~bpo12+1 (2025-03-19) aarch64
[2025-04-24 16:08:03.603] [29188] [HailoRT] [info] [control.cpp:108] [control__parse_identify_results] firmware_version is: 4.20.0
[2025-04-24 16:08:03.603] [29188] [HailoRT] [info] [vdevice.cpp:651] [create] VDevice Infos: 0001:01:00.0
[2025-04-24 16:08:03.686] [29188] [HailoRT] [info] [hef.cpp:1929] [get_network_group_and_network_name] No name was given. Addressing all networks of default network_group: yolov8s_pose
[2025-04-24 16:08:03.686] [29188] [HailoRT] [info] [hef.cpp:1929] [get_network_group_and_network_name] No name was given. Addressing all networks of default network_group: yolov8s_pose
[2025-04-24 16:08:03.732] [29213] [HailoRT] [info] [internal_buffer_manager.cpp:204] [print_execution_results] Planned internal buffer memory: CMA memory 0, user memory 6148096. memory to edge layer usage factor is 0.7699904
[2025-04-24 16:08:03.732] [29213] [HailoRT] [info] [internal_buffer_manager.cpp:212] [print_execution_results] Default Internal buffer planner executed successfully
[2025-04-24 16:08:03.772] [29213] [HailoRT] [info] [device_internal.cpp:57] [configure] Configuring HEF took 51.080619 milliseconds
[2025-04-24 16:08:03.772] [29213] [HailoRT] [info] [vdevice.cpp:749] [configure] Configuring HEF on VDevice took 51.672732 milliseconds
[2025-04-24 16:08:03.772] [29213] [HailoRT] [info] [infer_model.cpp:436] [configure] Configuring network group 'yolov8s_pose' with params: batch size: 2, power mode: PERFORMANCE, latency: NONE
[2025-04-24 16:08:03.773] [29213] [HailoRT] [info] [multi_io_elements.cpp:756] [create] Created (AsyncHwEl)
[2025-04-24 16:08:03.773] [29213] [HailoRT] [info] [queue_elements.cpp:450] [create] Created (EntryPushQEl0yolov8s_pose/input_layer1 | timeout: 10s)
[2025-04-24 16:08:03.773] [29213] [HailoRT] [info] [filter_elements.cpp:101] [create] Created (PreInferEl2yolov8s_pose/input_layer1 | Reorder - src_order: RGB4, src_shape: (640, 640, 3), dst_order: NHWC, dst_shape: (640, 640, 3))
[2025-04-24 16:08:03.773] [29213] [HailoRT] [info] [queue_elements.cpp:450] [create] Created (PushQEl2yolov8s_pose/input_layer1 | timeout: 10s)
[2025-04-24 16:08:03.773] [29213] [HailoRT] [info] [edge_elements.cpp:187] [create] Created (LastAsyncEl5AsyncHwEl)
[2025-04-24 16:08:03.773] [29213] [HailoRT] [info] [queue_elements.cpp:450] [create] Created (PushQEl6AsyncHwEl | timeout: 10s)
[2025-04-24 16:08:03.773] [29213] [HailoRT] [info] [filter_elements.cpp:375] [create] Created (PostInferEl6AsyncHwEl | Reorder - src_order: FCR, src_shape: (20, 20, 56), dst_order: FCR, dst_shape: (20, 20, 51))
[2025-04-24 16:08:03.773] [29213] [HailoRT] [info] [edge_elements.cpp:187] [create] Created (LastAsyncEl0PostInferEl6AsyncHwEl)
[2025-04-24 16:08:03.773] [29213] [HailoRT] [info] [edge_elements.cpp:187] [create] Created (LastAsyncEl7AsyncHwEl)
[2025-04-24 16:08:03.773] [29213] [HailoRT] [info] [edge_elements.cpp:187] [create] Created (LastAsyncEl1AsyncHwEl)
[2025-04-24 16:08:03.773] [29213] [HailoRT] [info] [edge_elements.cpp:187] [create] Created (LastAsyncEl2AsyncHwEl)
[2025-04-24 16:08:03.773] [29213] [HailoRT] [info] [edge_elements.cpp:187] [create] Created (LastAsyncEl3AsyncHwEl)
[2025-04-24 16:08:03.773] [29213] [HailoRT] [info] [queue_elements.cpp:450] [create] Created (PushQEl0AsyncHwEl | timeout: 10s)
[2025-04-24 16:08:03.773] [29213] [HailoRT] [info] [filter_elements.cpp:375] [create] Created (PostInferEl0AsyncHwEl | Reorder - src_order: FCR, src_shape: (40, 40, 56), dst_order: FCR, dst_shape: (40, 40, 51))
[2025-04-24 16:08:03.773] [29213] [HailoRT] [info] [edge_elements.cpp:187] [create] Created (LastAsyncEl0PostInferEl0AsyncHwEl)
[2025-04-24 16:08:03.773] [29213] [HailoRT] [info] [edge_elements.cpp:187] [create] Created (LastAsyncEl8AsyncHwEl)
[2025-04-24 16:08:03.773] [29213] [HailoRT] [info] [queue_elements.cpp:450] [create] Created (PushQEl4AsyncHwEl | timeout: 10s)
[2025-04-24 16:08:03.774] [29213] [HailoRT] [info] [filter_elements.cpp:375] [create] Created (PostInferEl4AsyncHwEl | Reorder - src_order: FCR, src_shape: (80, 80, 56), dst_order: FCR, dst_shape: (80, 80, 51))
[2025-04-24 16:08:03.774] [29213] [HailoRT] [info] [edge_elements.cpp:187] [create] Created (LastAsyncEl0PostInferEl4AsyncHwEl)
[2025-04-24 16:08:03.774] [29213] [HailoRT] [info] [pipeline.cpp:891] [print_deep_description] EntryPushQEl0yolov8s_pose/input_layer1 | inputs: user | outputs: PreInferEl2yolov8s_pose/input_layer1(running in thread_id: 29241)
[2025-04-24 16:08:03.774] [29213] [HailoRT] [info] [pipeline.cpp:891] [print_deep_description] PreInferEl2yolov8s_pose/input_layer1 | inputs: EntryPushQEl0yolov8s_pose/input_layer1[0] | outputs: PushQEl2yolov8s_pose/input_layer1
[2025-04-24 16:08:03.774] [29213] [HailoRT] [info] [pipeline.cpp:891] [print_deep_description] PushQEl2yolov8s_pose/input_layer1 | inputs: PreInferEl2yolov8s_pose/input_layer1[0] | outputs: AsyncHwEl(running in thread_id: 29242)
[2025-04-24 16:08:03.774] [29213] [HailoRT] [info] [pipeline.cpp:891] [print_deep_description] AsyncHwEl | inputs: PushQEl2yolov8s_pose/input_layer1[0] | outputs: PushQEl0AsyncHwEl LastAsyncEl1AsyncHwEl LastAsyncEl2AsyncHwEl LastAsyncEl3AsyncHwEl PushQEl4AsyncHwEl LastAsyncEl5AsyncHwEl PushQEl6AsyncHwEl LastAsyncEl7AsyncHwEl LastAsyncEl8AsyncHwEl
[2025-04-24 16:08:03.774] [29213] [HailoRT] [info] [pipeline.cpp:891] [print_deep_description] PushQEl0AsyncHwEl | inputs: AsyncHwEl[0] | outputs: PostInferEl0AsyncHwEl(running in thread_id: 29244)
[2025-04-24 16:08:03.774] [29213] [HailoRT] [info] [pipeline.cpp:891] [print_deep_description] PostInferEl0AsyncHwEl | inputs: PushQEl0AsyncHwEl[0] | outputs: LastAsyncEl0PostInferEl0AsyncHwEl
[2025-04-24 16:08:03.774] [29213] [HailoRT] [info] [pipeline.cpp:891] [print_deep_description] LastAsyncEl0PostInferEl0AsyncHwEl | inputs: PostInferEl0AsyncHwEl[0] | outputs: user
[2025-04-24 16:08:03.774] [29213] [HailoRT] [info] [pipeline.cpp:891] [print_deep_description] LastAsyncEl1AsyncHwEl | inputs: AsyncHwEl[0] | outputs: user
[2025-04-24 16:08:03.774] [29213] [HailoRT] [info] [pipeline.cpp:891] [print_deep_description] LastAsyncEl2AsyncHwEl | inputs: AsyncHwEl[0] | outputs: user
[2025-04-24 16:08:03.774] [29213] [HailoRT] [info] [pipeline.cpp:891] [print_deep_description] LastAsyncEl3AsyncHwEl | inputs: AsyncHwEl[0] | outputs: user
[2025-04-24 16:08:03.774] [29213] [HailoRT] [info] [pipeline.cpp:891] [print_deep_description] PushQEl4AsyncHwEl | inputs: AsyncHwEl[0] | outputs: PostInferEl4AsyncHwEl(running in thread_id: 29245)
[2025-04-24 16:08:03.774] [29213] [HailoRT] [info] [pipeline.cpp:891] [print_deep_description] PostInferEl4AsyncHwEl | inputs: PushQEl4AsyncHwEl[0] | outputs: LastAsyncEl0PostInferEl4AsyncHwEl
[2025-04-24 16:08:03.774] [29213] [HailoRT] [info] [pipeline.cpp:891] [print_deep_description] LastAsyncEl0PostInferEl4AsyncHwEl | inputs: PostInferEl4AsyncHwEl[0] | outputs: user
[2025-04-24 16:08:03.774] [29213] [HailoRT] [info] [pipeline.cpp:891] [print_deep_description] LastAsyncEl5AsyncHwEl | inputs: AsyncHwEl[0] | outputs: user
[2025-04-24 16:08:03.774] [29213] [HailoRT] [info] [pipeline.cpp:891] [print_deep_description] PushQEl6AsyncHwEl | inputs: AsyncHwEl[0] | outputs: PostInferEl6AsyncHwEl(running in thread_id: 29243)
[2025-04-24 16:08:03.774] [29213] [HailoRT] [info] [pipeline.cpp:891] [print_deep_description] PostInferEl6AsyncHwEl | inputs: PushQEl6AsyncHwEl[0] | outputs: LastAsyncEl0PostInferEl6AsyncHwEl
[2025-04-24 16:08:03.774] [29213] [HailoRT] [info] [pipeline.cpp:891] [print_deep_description] LastAsyncEl0PostInferEl6AsyncHwEl | inputs: PostInferEl6AsyncHwEl[0] | outputs: user
[2025-04-24 16:08:03.774] [29213] [HailoRT] [info] [pipeline.cpp:891] [print_deep_description] LastAsyncEl7AsyncHwEl | inputs: AsyncHwEl[0] | outputs: user
[2025-04-24 16:08:03.774] [29213] [HailoRT] [info] [pipeline.cpp:891] [print_deep_description] LastAsyncEl8AsyncHwEl | inputs: AsyncHwEl[0] | outputs: user
[2025-04-24 16:08:04.176] [29227] [HailoRT] [info] [hef.cpp:1929] [get_network_group_and_network_name] No name was given. Addressing all networks of default network_group: yolov8s_pose
[2025-04-24 16:12:11.356] [29516] [HailoRT] [info] [device.cpp:49] [Device] OS Version: Linux 6.12.20+rpt-rpi-2712 #1 SMP PREEMPT Debian 1:6.12.20-1+rpt1~bpo12+1 (2025-03-19) aarch64
[2025-04-24 16:12:11.357] [29516] [HailoRT] [info] [control.cpp:108] [control__parse_identify_results] firmware_version is: 4.20.0
[2025-04-24 16:12:11.358] [29516] [HailoRT] [info] [control.cpp:108] [control__parse_identify_results] firmware_version is: 4.20.0
[2025-04-24 16:12:11.416] [29505] [HailoRT] [info] [vdevice.cpp:523] [create] Creating vdevice with params: device_count: 1, scheduling_algorithm: ROUND_ROBIN, multi_process_service: false
[2025-04-24 16:12:11.428] [29505] [HailoRT] [info] [device.cpp:49] [Device] OS Version: Linux 6.12.20+rpt-rpi-2712 #1 SMP PREEMPT Debian 1:6.12.20-1+rpt1~bpo12+1 (2025-03-19) aarch64
[2025-04-24 16:12:11.430] [29505] [HailoRT] [info] [control.cpp:108] [control__parse_identify_results] firmware_version is: 4.20.0
[2025-04-24 16:12:11.430] [29505] [HailoRT] [info] [vdevice.cpp:651] [create] VDevice Infos: 0001:01:00.0
[2025-04-24 16:12:11.515] [29505] [HailoRT] [info] [hef.cpp:1929] [get_network_group_and_network_name] No name was given. Addressing all networks of default network_group: yolov8s_pose
[2025-04-24 16:12:11.515] [29505] [HailoRT] [info] [hef.cpp:1929] [get_network_group_and_network_name] No name was given. Addressing all networks of default network_group: yolov8s_pose
[2025-04-24 16:12:11.595] [29530] [HailoRT] [info] [internal_buffer_manager.cpp:204] [print_execution_results] Planned internal buffer memory: CMA memory 0, user memory 6148096. memory to edge layer usage factor is 0.7699904
[2025-04-24 16:12:11.595] [29530] [HailoRT] [info] [internal_buffer_manager.cpp:212] [print_execution_results] Default Internal buffer planner executed successfully
[2025-04-24 16:12:11.663] [29530] [HailoRT] [info] [device_internal.cpp:57] [configure] Configuring HEF took 80.855727 milliseconds
[2025-04-24 16:12:11.663] [29530] [HailoRT] [info] [vdevice.cpp:749] [configure] Configuring HEF on VDevice took 81.390469 milliseconds
[2025-04-24 16:12:11.663] [29530] [HailoRT] [info] [infer_model.cpp:436] [configure] Configuring network group 'yolov8s_pose' with params: batch size: 2, power mode: PERFORMANCE, latency: NONE
[2025-04-24 16:12:11.663] [29530] [HailoRT] [info] [multi_io_elements.cpp:756] [create] Created (AsyncHwEl)
[2025-04-24 16:12:11.664] [29530] [HailoRT] [info] [queue_elements.cpp:450] [create] Created (EntryPushQEl0yolov8s_pose/input_layer1 | timeout: 10s)
[2025-04-24 16:12:11.664] [29530] [HailoRT] [info] [filter_elements.cpp:101] [create] Created (PreInferEl2yolov8s_pose/input_layer1 | Reorder - src_order: RGB4, src_shape: (640, 640, 3), dst_order: NHWC, dst_shape: (640, 640, 3))
[2025-04-24 16:12:11.664] [29530] [HailoRT] [info] [queue_elements.cpp:450] [create] Created (PushQEl2yolov8s_pose/input_layer1 | timeout: 10s)
[2025-04-24 16:12:11.664] [29530] [HailoRT] [info] [edge_elements.cpp:187] [create] Created (LastAsyncEl5AsyncHwEl)
[2025-04-24 16:12:11.664] [29530] [HailoRT] [info] [queue_elements.cpp:450] [create] Created (PushQEl6AsyncHwEl | timeout: 10s)
[2025-04-24 16:12:11.664] [29530] [HailoRT] [info] [filter_elements.cpp:375] [create] Created (PostInferEl6AsyncHwEl | Reorder - src_order: FCR, src_shape: (20, 20, 56), dst_order: FCR, dst_shape: (20, 20, 51))
[2025-04-24 16:12:11.664] [29530] [HailoRT] [info] [edge_elements.cpp:187] [create] Created (LastAsyncEl0PostInferEl6AsyncHwEl)
[2025-04-24 16:12:11.664] [29530] [HailoRT] [info] [edge_elements.cpp:187] [create] Created (LastAsyncEl7AsyncHwEl)
[2025-04-24 16:12:11.664] [29530] [HailoRT] [info] [edge_elements.cpp:187] [create] Created (LastAsyncEl1AsyncHwEl)
[2025-04-24 16:12:11.664] [29530] [HailoRT] [info] [edge_elements.cpp:187] [create] Created (LastAsyncEl2AsyncHwEl)
[2025-04-24 16:12:11.664] [29530] [HailoRT] [info] [edge_elements.cpp:187] [create] Created (LastAsyncEl3AsyncHwEl)
[2025-04-24 16:12:11.664] [29530] [HailoRT] [info] [queue_elements.cpp:450] [create] Created (PushQEl0AsyncHwEl | timeout: 10s)
[2025-04-24 16:12:11.664] [29530] [HailoRT] [info] [filter_elements.cpp:375] [create] Created (PostInferEl0AsyncHwEl | Reorder - src_order: FCR, src_shape: (40, 40, 56), dst_order: FCR, dst_shape: (40, 40, 51))
[2025-04-24 16:12:11.664] [29530] [HailoRT] [info] [edge_elements.cpp:187] [create] Created (LastAsyncEl0PostInferEl0AsyncHwEl)
[2025-04-24 16:12:11.665] [29530] [HailoRT] [info] [edge_elements.cpp:187] [create] Created (LastAsyncEl8AsyncHwEl)
[2025-04-24 16:12:11.665] [29530] [HailoRT] [info] [queue_elements.cpp:450] [create] Created (PushQEl4AsyncHwEl | timeout: 10s)
[2025-04-24 16:12:11.665] [29530] [HailoRT] [info] [filter_elements.cpp:375] [create] Created (PostInferEl4AsyncHwEl | Reorder - src_order: FCR, src_shape: (80, 80, 56), dst_order: FCR, dst_shape: (80, 80, 51))
[2025-04-24 16:12:11.665] [29530] [HailoRT] [info] [edge_elements.cpp:187] [create] Created (LastAsyncEl0PostInferEl4AsyncHwEl)
[2025-04-24 16:12:11.665] [29530] [HailoRT] [info] [pipeline.cpp:891] [print_deep_description] EntryPushQEl0yolov8s_pose/input_layer1 | inputs: user | outputs: PreInferEl2yolov8s_pose/input_layer1(running in thread_id: 29557)
[2025-04-24 16:12:11.665] [29530] [HailoRT] [info] [pipeline.cpp:891] [print_deep_description] PreInferEl2yolov8s_pose/input_layer1 | inputs: EntryPushQEl0yolov8s_pose/input_layer1[0] | outputs: PushQEl2yolov8s_pose/input_layer1
[2025-04-24 16:12:11.665] [29530] [HailoRT] [info] [pipeline.cpp:891] [print_deep_description] PushQEl2yolov8s_pose/input_layer1 | inputs: PreInferEl2yolov8s_pose/input_layer1[0] | outputs: AsyncHwEl(running in thread_id: 29558)
[2025-04-24 16:12:11.665] [29530] [HailoRT] [info] [pipeline.cpp:891] [print_deep_description] AsyncHwEl | inputs: PushQEl2yolov8s_pose/input_layer1[0] | outputs: PushQEl0AsyncHwEl LastAsyncEl1AsyncHwEl LastAsyncEl2AsyncHwEl LastAsyncEl3AsyncHwEl PushQEl4AsyncHwEl LastAsyncEl5AsyncHwEl PushQEl6AsyncHwEl LastAsyncEl7AsyncHwEl LastAsyncEl8AsyncHwEl
[2025-04-24 16:12:11.665] [29530] [HailoRT] [info] [pipeline.cpp:891] [print_deep_description] PushQEl0AsyncHwEl | inputs: AsyncHwEl[0] | outputs: PostInferEl0AsyncHwEl(running in thread_id: 29560)
[2025-04-24 16:12:11.665] [29530] [HailoRT] [info] [pipeline.cpp:891] [print_deep_description] PostInferEl0AsyncHwEl | inputs: PushQEl0AsyncHwEl[0] | outputs: LastAsyncEl0PostInferEl0AsyncHwEl
[2025-04-24 16:12:11.665] [29530] [HailoRT] [info] [pipeline.cpp:891] [print_deep_description] LastAsyncEl0PostInferEl0AsyncHwEl | inputs: PostInferEl0AsyncHwEl[0] | outputs: user
[2025-04-24 16:12:11.665] [29530] [HailoRT] [info] [pipeline.cpp:891] [print_deep_description] LastAsyncEl1AsyncHwEl | inputs: AsyncHwEl[0] | outputs: user
[2025-04-24 16:12:11.665] [29530] [HailoRT] [info] [pipeline.cpp:891] [print_deep_description] LastAsyncEl2AsyncHwEl | inputs: AsyncHwEl[0] | outputs: user
[2025-04-24 16:12:11.665] [29530] [HailoRT] [info] [pipeline.cpp:891] [print_deep_description] LastAsyncEl3AsyncHwEl | inputs: AsyncHwEl[0] | outputs: user
[2025-04-24 16:12:11.665] [29530] [HailoRT] [info] [pipeline.cpp:891] [print_deep_description] PushQEl4AsyncHwEl | inputs: AsyncHwEl[0] | outputs: PostInferEl4AsyncHwEl(running in thread_id: 29561)
[2025-04-24 16:12:11.665] [29530] [HailoRT] [info] [pipeline.cpp:891] [print_deep_description] PostInferEl4AsyncHwEl | inputs: PushQEl4AsyncHwEl[0] | outputs: LastAsyncEl0PostInferEl4AsyncHwEl
[2025-04-24 16:12:11.665] [29530] [HailoRT] [info] [pipeline.cpp:891] [print_deep_description] LastAsyncEl0PostInferEl4AsyncHwEl | inputs: PostInferEl4AsyncHwEl[0] | outputs: user
[2025-04-24 16:12:11.665] [29530] [HailoRT] [info] [pipeline.cpp:891] [print_deep_description] LastAsyncEl5AsyncHwEl | inputs: AsyncHwEl[0] | outputs: user
[2025-04-24 16:12:11.665] [29530] [HailoRT] [info] [pipeline.cpp:891] [print_deep_description] PushQEl6AsyncHwEl | inputs: AsyncHwEl[0] | outputs: PostInferEl6AsyncHwEl(running in thread_id: 29559)
[2025-04-24 16:12:11.665] [29530] [HailoRT] [info] [pipeline.cpp:891] [print_deep_description] PostInferEl6AsyncHwEl | inputs: PushQEl6AsyncHwEl[0] | outputs: LastAsyncEl0PostInferEl6AsyncHwEl
[2025-04-24 16:12:11.665] [29530] [HailoRT] [info] [pipeline.cpp:891] [print_deep_description] LastAsyncEl0PostInferEl6AsyncHwEl | inputs: PostInferEl6AsyncHwEl[0] | outputs: user
[2025-04-24 16:12:11.665] [29530] [HailoRT] [info] [pipeline.cpp:891] [print_deep_description] LastAsyncEl7AsyncHwEl | inputs: AsyncHwEl[0] | outputs: user
[2025-04-24 16:12:11.665] [29530] [HailoRT] [info] [pipeline.cpp:891] [print_deep_description] LastAsyncEl8AsyncHwEl | inputs: AsyncHwEl[0] | outputs: user
[2025-04-24 16:13:29.953] [29599] [HailoRT] [info] [device.cpp:49] [Device] OS Version: Linux 6.12.20+rpt-rpi-2712 #1 SMP PREEMPT Debian 1:6.12.20-1+rpt1~bpo12+1 (2025-03-19) aarch64
[2025-04-24 16:13:29.955] [29599] [HailoRT] [info] [control.cpp:108] [control__parse_identify_results] firmware_version is: 4.20.0
[2025-04-24 16:13:29.955] [29599] [HailoRT] [info] [control.cpp:108] [control__parse_identify_results] firmware_version is: 4.20.0
[2025-04-24 16:13:30.011] [29586] [HailoRT] [info] [vdevice.cpp:523] [create] Creating vdevice with params: device_count: 1, scheduling_algorithm: ROUND_ROBIN, multi_process_service: false
[2025-04-24 16:13:30.022] [29586] [HailoRT] [info] [device.cpp:49] [Device] OS Version: Linux 6.12.20+rpt-rpi-2712 #1 SMP PREEMPT Debian 1:6.12.20-1+rpt1~bpo12+1 (2025-03-19) aarch64
[2025-04-24 16:13:30.023] [29586] [HailoRT] [info] [control.cpp:108] [control__parse_identify_results] firmware_version is: 4.20.0
[2025-04-24 16:13:30.023] [29586] [HailoRT] [info] [vdevice.cpp:651] [create] VDevice Infos: 0001:01:00.0
[2025-04-24 16:13:30.108] [29586] [HailoRT] [info] [hef.cpp:1929] [get_network_group_and_network_name] No name was given. Addressing all networks of default network_group: yolov8s_pose
[2025-04-24 16:13:30.108] [29586] [HailoRT] [info] [hef.cpp:1929] [get_network_group_and_network_name] No name was given. Addressing all networks of default network_group: yolov8s_pose
[2025-04-24 16:13:30.153] [29613] [HailoRT] [info] [internal_buffer_manager.cpp:204] [print_execution_results] Planned internal buffer memory: CMA memory 0, user memory 6148096. memory to edge layer usage factor is 0.7699904
[2025-04-24 16:13:30.153] [29613] [HailoRT] [info] [internal_buffer_manager.cpp:212] [print_execution_results] Default Internal buffer planner executed successfully
[2025-04-24 16:13:30.194] [29613] [HailoRT] [info] [device_internal.cpp:57] [configure] Configuring HEF took 49.537672 milliseconds
[2025-04-24 16:13:30.194] [29613] [HailoRT] [info] [vdevice.cpp:749] [configure] Configuring HEF on VDevice took 50.008673 milliseconds
[2025-04-24 16:13:30.194] [29613] [HailoRT] [info] [infer_model.cpp:436] [configure] Configuring network group 'yolov8s_pose' with params: batch size: 2, power mode: PERFORMANCE, latency: NONE
[2025-04-24 16:13:30.194] [29613] [HailoRT] [info] [multi_io_elements.cpp:756] [create] Created (AsyncHwEl)
[2025-04-24 16:13:30.194] [29613] [HailoRT] [info] [queue_elements.cpp:450] [create] Created (EntryPushQEl0yolov8s_pose/input_layer1 | timeout: 10s)
[2025-04-24 16:13:30.194] [29613] [HailoRT] [info] [filter_elements.cpp:101] [create] Created (PreInferEl2yolov8s_pose/input_layer1 | Reorder - src_order: RGB4, src_shape: (640, 640, 3), dst_order: NHWC, dst_shape: (640, 640, 3))
[2025-04-24 16:13:30.194] [29613] [HailoRT] [info] [queue_elements.cpp:450] [create] Created (PushQEl2yolov8s_pose/input_layer1 | timeout: 10s)
[2025-04-24 16:13:30.194] [29613] [HailoRT] [info] [edge_elements.cpp:187] [create] Created (LastAsyncEl5AsyncHwEl)
[2025-04-24 16:13:30.194] [29613] [HailoRT] [info] [queue_elements.cpp:450] [create] Created (PushQEl6AsyncHwEl | timeout: 10s)
[2025-04-24 16:13:30.194] [29613] [HailoRT] [info] [filter_elements.cpp:375] [create] Created (PostInferEl6AsyncHwEl | Reorder - src_order: FCR, src_shape: (20, 20, 56), dst_order: FCR, dst_shape: (20, 20, 51))
[2025-04-24 16:13:30.194] [29613] [HailoRT] [info] [edge_elements.cpp:187] [create] Created (LastAsyncEl0PostInferEl6AsyncHwEl)
[2025-04-24 16:13:30.194] [29613] [HailoRT] [info] [edge_elements.cpp:187] [create] Created (LastAsyncEl7AsyncHwEl)
[2025-04-24 16:13:30.195] [29613] [HailoRT] [info] [edge_elements.cpp:187] [create] Created (LastAsyncEl1AsyncHwEl)
[2025-04-24 16:13:30.195] [29613] [HailoRT] [info] [edge_elements.cpp:187] [create] Created (LastAsyncEl2AsyncHwEl)
[2025-04-24 16:13:30.195] [29613] [HailoRT] [info] [edge_elements.cpp:187] [create] Created (LastAsyncEl3AsyncHwEl)
[2025-04-24 16:13:30.195] [29613] [HailoRT] [info] [queue_elements.cpp:450] [create] Created (PushQEl0AsyncHwEl | timeout: 10s)
[2025-04-24 16:13:30.195] [29613] [HailoRT] [info] [filter_elements.cpp:375] [create] Created (PostInferEl0AsyncHwEl | Reorder - src_order: FCR, src_shape: (40, 40, 56), dst_order: FCR, dst_shape: (40, 40, 51))
[2025-04-24 16:13:30.195] [29613] [HailoRT] [info] [edge_elements.cpp:187] [create] Created (LastAsyncEl0PostInferEl0AsyncHwEl)
[2025-04-24 16:13:30.195] [29613] [HailoRT] [info] [edge_elements.cpp:187] [create] Created (LastAsyncEl8AsyncHwEl)
[2025-04-24 16:13:30.195] [29613] [HailoRT] [info] [queue_elements.cpp:450] [create] Created (PushQEl4AsyncHwEl | timeout: 10s)
[2025-04-24 16:13:30.195] [29613] [HailoRT] [info] [filter_elements.cpp:375] [create] Created (PostInferEl4AsyncHwEl | Reorder - src_order: FCR, src_shape: (80, 80, 56), dst_order: FCR, dst_shape: (80, 80, 51))
[2025-04-24 16:13:30.195] [29613] [HailoRT] [info] [edge_elements.cpp:187] [create] Created (LastAsyncEl0PostInferEl4AsyncHwEl)
[2025-04-24 16:13:30.195] [29613] [HailoRT] [info] [pipeline.cpp:891] [print_deep_description] EntryPushQEl0yolov8s_pose/input_layer1 | inputs: user | outputs: PreInferEl2yolov8s_pose/input_layer1(running in thread_id: 29641)
[2025-04-24 16:13:30.195] [29613] [HailoRT] [info] [pipeline.cpp:891] [print_deep_description] PreInferEl2yolov8s_pose/input_layer1 | inputs: EntryPushQEl0yolov8s_pose/input_layer1[0] | outputs: PushQEl2yolov8s_pose/input_layer1
[2025-04-24 16:13:30.195] [29613] [HailoRT] [info] [pipeline.cpp:891] [print_deep_description] PushQEl2yolov8s_pose/input_layer1 | inputs: PreInferEl2yolov8s_pose/input_layer1[0] | outputs: AsyncHwEl(running in thread_id: 29642)
[2025-04-24 16:13:30.195] [29613] [HailoRT] [info] [pipeline.cpp:891] [print_deep_description] AsyncHwEl | inputs: PushQEl2yolov8s_pose/input_layer1[0] | outputs: PushQEl0AsyncHwEl LastAsyncEl1AsyncHwEl LastAsyncEl2AsyncHwEl LastAsyncEl3AsyncHwEl PushQEl4AsyncHwEl LastAsyncEl5AsyncHwEl PushQEl6AsyncHwEl LastAsyncEl7AsyncHwEl LastAsyncEl8AsyncHwEl
[2025-04-24 16:13:30.195] [29613] [HailoRT] [info] [pipeline.cpp:891] [print_deep_description] PushQEl0AsyncHwEl | inputs: AsyncHwEl[0] | outputs: PostInferEl0AsyncHwEl(running in thread_id: 29644)
[2025-04-24 16:13:30.195] [29613] [HailoRT] [info] [pipeline.cpp:891] [print_deep_description] PostInferEl0AsyncHwEl | inputs: PushQEl0AsyncHwEl[0] | outputs: LastAsyncEl0PostInferEl0AsyncHwEl
[2025-04-24 16:13:30.195] [29613] [HailoRT] [info] [pipeline.cpp:891] [print_deep_description] LastAsyncEl0PostInferEl0AsyncHwEl | inputs: PostInferEl0AsyncHwEl[0] | outputs: user
[2025-04-24 16:13:30.195] [29613] [HailoRT] [info] [pipeline.cpp:891] [print_deep_description] LastAsyncEl1AsyncHwEl | inputs: AsyncHwEl[0] | outputs: user
[2025-04-24 16:13:30.195] [29613] [HailoRT] [info] [pipeline.cpp:891] [print_deep_description] LastAsyncEl2AsyncHwEl | inputs: AsyncHwEl[0] | outputs: user
[2025-04-24 16:13:30.195] [29613] [HailoRT] [info] [pipeline.cpp:891] [print_deep_description] LastAsyncEl3AsyncHwEl | inputs: AsyncHwEl[0] | outputs: user
[2025-04-24 16:13:30.195] [29613] [HailoRT] [info] [pipeline.cpp:891] [print_deep_description] PushQEl4AsyncHwEl | inputs: AsyncHwEl[0] | outputs: PostInferEl4AsyncHwEl(running in thread_id: 29645)
[2025-04-24 16:13:30.195] [29613] [HailoRT] [info] [pipeline.cpp:891] [print_deep_description] PostInferEl4AsyncHwEl | inputs: PushQEl4AsyncHwEl[0] | outputs: LastAsyncEl0PostInferEl4AsyncHwEl
[2025-04-24 16:13:30.195] [29613] [HailoRT] [info] [pipeline.cpp:891] [print_deep_description] LastAsyncEl0PostInferEl4AsyncHwEl | inputs: PostInferEl4AsyncHwEl[0] | outputs: user
[2025-04-24 16:13:30.195] [29613] [HailoRT] [info] [pipeline.cpp:891] [print_deep_description] LastAsyncEl5AsyncHwEl | inputs: AsyncHwEl[0] | outputs: user
[2025-04-24 16:13:30.195] [29613] [HailoRT] [info] [pipeline.cpp:891] [print_deep_description] PushQEl6AsyncHwEl | inputs: AsyncHwEl[0] | outputs: PostInferEl6AsyncHwEl(running in thread_id: 29643)
[2025-04-24 16:13:30.195] [29613] [HailoRT] [info] [pipeline.cpp:891] [print_deep_description] PostInferEl6AsyncHwEl | inputs: PushQEl6AsyncHwEl[0] | outputs: LastAsyncEl0PostInferEl6AsyncHwEl
[2025-04-24 16:13:30.195] [29613] [HailoRT] [info] [pipeline.cpp:891] [print_deep_description] LastAsyncEl0PostInferEl6AsyncHwEl | inputs: PostInferEl6AsyncHwEl[0] | outputs: user
[2025-04-24 16:13:30.195] [29613] [HailoRT] [info] [pipeline.cpp:891] [print_deep_description] LastAsyncEl7AsyncHwEl | inputs: AsyncHwEl[0] | outputs: user
[2025-04-24 16:13:30.195] [29613] [HailoRT] [info] [pipeline.cpp:891] [print_deep_description] LastAsyncEl8AsyncHwEl | inputs: AsyncHwEl[0] | outputs: user
[2025-04-24 16:13:30.606] [29626] [HailoRT] [info] [hef.cpp:1929] [get_network_group_and_network_name] No name was given. Addressing all networks of default network_group: yolov8s_pose
[2025-04-24 16:19:40.075] [30071] [HailoRT] [info] [device.cpp:49] [Device] OS Version: Linux 6.12.20+rpt-rpi-2712 #1 SMP PREEMPT Debian 1:6.12.20-1+rpt1~bpo12+1 (2025-03-19) aarch64
[2025-04-24 16:19:40.077] [30071] [HailoRT] [info] [control.cpp:108] [control__parse_identify_results] firmware_version is: 4.20.0
[2025-04-24 16:19:40.078] [30071] [HailoRT] [info] [control.cpp:108] [control__parse_identify_results] firmware_version is: 4.20.0
[2025-04-24 16:19:40.139] [30058] [HailoRT] [info] [vdevice.cpp:523] [create] Creating vdevice with params: device_count: 1, scheduling_algorithm: ROUND_ROBIN, multi_process_service: false
[2025-04-24 16:19:40.152] [30058] [HailoRT] [info] [device.cpp:49] [Device] OS Version: Linux 6.12.20+rpt-rpi-2712 #1 SMP PREEMPT Debian 1:6.12.20-1+rpt1~bpo12+1 (2025-03-19) aarch64
[2025-04-24 16:19:40.153] [30058] [HailoRT] [info] [control.cpp:108] [control__parse_identify_results] firmware_version is: 4.20.0
[2025-04-24 16:19:40.153] [30058] [HailoRT] [info] [vdevice.cpp:651] [create] VDevice Infos: 0001:01:00.0
[2025-04-24 16:19:40.237] [30058] [HailoRT] [info] [hef.cpp:1929] [get_network_group_and_network_name] No name was given. Addressing all networks of default network_group: yolov8s_pose
[2025-04-24 16:19:40.237] [30058] [HailoRT] [info] [hef.cpp:1929] [get_network_group_and_network_name] No name was given. Addressing all networks of default network_group: yolov8s_pose
[2025-04-24 16:19:40.288] [30085] [HailoRT] [info] [internal_buffer_manager.cpp:204] [print_execution_results] Planned internal buffer memory: CMA memory 0, user memory 6148096. memory to edge layer usage factor is 0.7699904
[2025-04-24 16:19:40.288] [30085] [HailoRT] [info] [internal_buffer_manager.cpp:212] [print_execution_results] Default Internal buffer planner executed successfully
[2025-04-24 16:19:40.321] [30085] [HailoRT] [info] [device_internal.cpp:57] [configure] Configuring HEF took 49.475432 milliseconds
[2025-04-24 16:19:40.322] [30085] [HailoRT] [info] [vdevice.cpp:749] [configure] Configuring HEF on VDevice took 49.9541 milliseconds
[2025-04-24 16:19:40.322] [30085] [HailoRT] [info] [infer_model.cpp:436] [configure] Configuring network group 'yolov8s_pose' with params: batch size: 2, power mode: PERFORMANCE, latency: NONE
[2025-04-24 16:19:40.322] [30085] [HailoRT] [info] [multi_io_elements.cpp:756] [create] Created (AsyncHwEl)
[2025-04-24 16:19:40.322] [30085] [HailoRT] [info] [queue_elements.cpp:450] [create] Created (EntryPushQEl0yolov8s_pose/input_layer1 | timeout: 10s)
[2025-04-24 16:19:40.322] [30085] [HailoRT] [info] [filter_elements.cpp:101] [create] Created (PreInferEl2yolov8s_pose/input_layer1 | Reorder - src_order: RGB4, src_shape: (640, 640, 3), dst_order: NHWC, dst_shape: (640, 640, 3))
[2025-04-24 16:19:40.322] [30085] [HailoRT] [info] [queue_elements.cpp:450] [create] Created (PushQEl2yolov8s_pose/input_layer1 | timeout: 10s)
[2025-04-24 16:19:40.322] [30085] [HailoRT] [info] [edge_elements.cpp:187] [create] Created (LastAsyncEl5AsyncHwEl)
[2025-04-24 16:19:40.322] [30085] [HailoRT] [info] [queue_elements.cpp:450] [create] Created (PushQEl6AsyncHwEl | timeout: 10s)
[2025-04-24 16:19:40.322] [30085] [HailoRT] [info] [filter_elements.cpp:375] [create] Created (PostInferEl6AsyncHwEl | Reorder - src_order: FCR, src_shape: (20, 20, 56), dst_order: FCR, dst_shape: (20, 20, 51))
[2025-04-24 16:19:40.322] [30085] [HailoRT] [info] [edge_elements.cpp:187] [create] Created (LastAsyncEl0PostInferEl6AsyncHwEl)
[2025-04-24 16:19:40.322] [30085] [HailoRT] [info] [edge_elements.cpp:187] [create] Created (LastAsyncEl7AsyncHwEl)
[2025-04-24 16:19:40.322] [30085] [HailoRT] [info] [edge_elements.cpp:187] [create] Created (LastAsyncEl1AsyncHwEl)
[2025-04-24 16:19:40.322] [30085] [HailoRT] [info] [edge_elements.cpp:187] [create] Created (LastAsyncEl2AsyncHwEl)
[2025-04-24 16:19:40.322] [30085] [HailoRT] [info] [edge_elements.cpp:187] [create] Created (LastAsyncEl3AsyncHwEl)
[2025-04-24 16:19:40.322] [30085] [HailoRT] [info] [queue_elements.cpp:450] [create] Created (PushQEl0AsyncHwEl | timeout: 10s)
[2025-04-24 16:19:40.323] [30085] [HailoRT] [info] [filter_elements.cpp:375] [create] Created (PostInferEl0AsyncHwEl | Reorder - src_order: FCR, src_shape: (40, 40, 56), dst_order: FCR, dst_shape: (40, 40, 51))
[2025-04-24 16:19:40.323] [30085] [HailoRT] [info] [edge_elements.cpp:187] [create] Created (LastAsyncEl0PostInferEl0AsyncHwEl)
[2025-04-24 16:19:40.323] [30085] [HailoRT] [info] [edge_elements.cpp:187] [create] Created (LastAsyncEl8AsyncHwEl)
[2025-04-24 16:19:40.323] [30085] [HailoRT] [info] [queue_elements.cpp:450] [create] Created (PushQEl4AsyncHwEl | timeout: 10s)
[2025-04-24 16:19:40.323] [30085] [HailoRT] [info] [filter_elements.cpp:375] [create] Created (PostInferEl4AsyncHwEl | Reorder - src_order: FCR, src_shape: (80, 80, 56), dst_order: FCR, dst_shape: (80, 80, 51))
[2025-04-24 16:19:40.323] [30085] [HailoRT] [info] [edge_elements.cpp:187] [create] Created (LastAsyncEl0PostInferEl4AsyncHwEl)
[2025-04-24 16:19:40.323] [30085] [HailoRT] [info] [pipeline.cpp:891] [print_deep_description] EntryPushQEl0yolov8s_pose/input_layer1 | inputs: user | outputs: PreInferEl2yolov8s_pose/input_layer1(running in thread_id: 30113)
[2025-04-24 16:19:40.323] [30085] [HailoRT] [info] [pipeline.cpp:891] [print_deep_description] PreInferEl2yolov8s_pose/input_layer1 | inputs: EntryPushQEl0yolov8s_pose/input_layer1[0] | outputs: PushQEl2yolov8s_pose/input_layer1
[2025-04-24 16:19:40.323] [30085] [HailoRT] [info] [pipeline.cpp:891] [print_deep_description] PushQEl2yolov8s_pose/input_layer1 | inputs: PreInferEl2yolov8s_pose/input_layer1[0] | outputs: AsyncHwEl(running in thread_id: 30114)
[2025-04-24 16:19:40.323] [30085] [HailoRT] [info] [pipeline.cpp:891] [print_deep_description] AsyncHwEl | inputs: PushQEl2yolov8s_pose/input_layer1[0] | outputs: PushQEl0AsyncHwEl LastAsyncEl1AsyncHwEl LastAsyncEl2AsyncHwEl LastAsyncEl3AsyncHwEl PushQEl4AsyncHwEl LastAsyncEl5AsyncHwEl PushQEl6AsyncHwEl LastAsyncEl7AsyncHwEl LastAsyncEl8AsyncHwEl
[2025-04-24 16:19:40.323] [30085] [HailoRT] [info] [pipeline.cpp:891] [print_deep_description] PushQEl0AsyncHwEl | inputs: AsyncHwEl[0] | outputs: PostInferEl0AsyncHwEl(running in thread_id: 30116)
[2025-04-24 16:19:40.323] [30085] [HailoRT] [info] [pipeline.cpp:891] [print_deep_description] PostInferEl0AsyncHwEl | inputs: PushQEl0AsyncHwEl[0] | outputs: LastAsyncEl0PostInferEl0AsyncHwEl
[2025-04-24 16:19:40.323] [30085] [HailoRT] [info] [pipeline.cpp:891] [print_deep_description] LastAsyncEl0PostInferEl0AsyncHwEl | inputs: PostInferEl0AsyncHwEl[0] | outputs: user
[2025-04-24 16:19:40.323] [30085] [HailoRT] [info] [pipeline.cpp:891] [print_deep_description] LastAsyncEl1AsyncHwEl | inputs: AsyncHwEl[0] | outputs: user
[2025-04-24 16:19:40.323] [30085] [HailoRT] [info] [pipeline.cpp:891] [print_deep_description] LastAsyncEl2AsyncHwEl | inputs: AsyncHwEl[0] | outputs: user
[2025-04-24 16:19:40.323] [30085] [HailoRT] [info] [pipeline.cpp:891] [print_deep_description] LastAsyncEl3AsyncHwEl | inputs: AsyncHwEl[0] | outputs: user
[2025-04-24 16:19:40.323] [30085] [HailoRT] [info] [pipeline.cpp:891] [print_deep_description] PushQEl4AsyncHwEl | inputs: AsyncHwEl[0] | outputs: PostInferEl4AsyncHwEl(running in thread_id: 30117)
[2025-04-24 16:19:40.323] [30085] [HailoRT] [info] [pipeline.cpp:891] [print_deep_description] PostInferEl4AsyncHwEl | inputs: PushQEl4AsyncHwEl[0] | outputs: LastAsyncEl0PostInferEl4AsyncHwEl
[2025-04-24 16:19:40.323] [30085] [HailoRT] [info] [pipeline.cpp:891] [print_deep_description] LastAsyncEl0PostInferEl4AsyncHwEl | inputs: PostInferEl4AsyncHwEl[0] | outputs: user
[2025-04-24 16:19:40.323] [30085] [HailoRT] [info] [pipeline.cpp:891] [print_deep_description] LastAsyncEl5AsyncHwEl | inputs: AsyncHwEl[0] | outputs: user
[2025-04-24 16:19:40.323] [30085] [HailoRT] [info] [pipeline.cpp:891] [print_deep_description] PushQEl6AsyncHwEl | inputs: AsyncHwEl[0] | outputs: PostInferEl6AsyncHwEl(running in thread_id: 30115)
[2025-04-24 16:19:40.323] [30085] [HailoRT] [info] [pipeline.cpp:891] [print_deep_description] PostInferEl6AsyncHwEl | inputs: PushQEl6AsyncHwEl[0] | outputs: LastAsyncEl0PostInferEl6AsyncHwEl
[2025-04-24 16:19:40.323] [30085] [HailoRT] [info] [pipeline.cpp:891] [print_deep_description] LastAsyncEl0PostInferEl6AsyncHwEl | inputs: PostInferEl6AsyncHwEl[0] | outputs: user
[2025-04-24 16:19:40.323] [30085] [HailoRT] [info] [pipeline.cpp:891] [print_deep_description] LastAsyncEl7AsyncHwEl | inputs: AsyncHwEl[0] | outputs: user
[2025-04-24 16:19:40.323] [30085] [HailoRT] [info] [pipeline.cpp:891] [print_deep_description] LastAsyncEl8AsyncHwEl | inputs: AsyncHwEl[0] | outputs: user
[2025-04-24 16:19:40.728] [30098] [HailoRT] [info] [hef.cpp:1929] [get_network_group_and_network_name] No name was given. Addressing all networks of default network_group: yolov8s_pose
[2025-04-24 16:23:50.061] [30280] [HailoRT] [info] [device.cpp:49] [Device] OS Version: Linux 6.12.20+rpt-rpi-2712 #1 SMP PREEMPT Debian 1:6.12.20-1+rpt1~bpo12+1 (2025-03-19) aarch64
[2025-04-24 16:23:50.063] [30280] [HailoRT] [info] [control.cpp:108] [control__parse_identify_results] firmware_version is: 4.20.0
[2025-04-24 16:23:50.063] [30280] [HailoRT] [info] [control.cpp:108] [control__parse_identify_results] firmware_version is: 4.20.0
[2025-04-24 16:23:50.119] [30268] [HailoRT] [info] [vdevice.cpp:523] [create] Creating vdevice with params: device_count: 1, scheduling_algorithm: ROUND_ROBIN, multi_process_service: false
[2025-04-24 16:23:50.131] [30268] [HailoRT] [info] [device.cpp:49] [Device] OS Version: Linux 6.12.20+rpt-rpi-2712 #1 SMP PREEMPT Debian 1:6.12.20-1+rpt1~bpo12+1 (2025-03-19) aarch64
[2025-04-24 16:23:50.132] [30268] [HailoRT] [info] [control.cpp:108] [control__parse_identify_results] firmware_version is: 4.20.0
[2025-04-24 16:23:50.132] [30268] [HailoRT] [info] [vdevice.cpp:651] [create] VDevice Infos: 0001:01:00.0
[2025-04-24 16:23:50.216] [30268] [HailoRT] [info] [hef.cpp:1929] [get_network_group_and_network_name] No name was given. Addressing all networks of default network_group: yolov8s_pose
[2025-04-24 16:23:50.216] [30268] [HailoRT] [info] [hef.cpp:1929] [get_network_group_and_network_name] No name was given. Addressing all networks of default network_group: yolov8s_pose
[2025-04-24 16:23:50.269] [30294] [HailoRT] [info] [internal_buffer_manager.cpp:204] [print_execution_results] Planned internal buffer memory: CMA memory 0, user memory 6148096. memory to edge layer usage factor is 0.7699904
[2025-04-24 16:23:50.269] [30294] [HailoRT] [info] [internal_buffer_manager.cpp:212] [print_execution_results] Default Internal buffer planner executed successfully
[2025-04-24 16:23:50.305] [30294] [HailoRT] [info] [device_internal.cpp:57] [configure] Configuring HEF took 52.930296 milliseconds
[2025-04-24 16:23:50.305] [30294] [HailoRT] [info] [vdevice.cpp:749] [configure] Configuring HEF on VDevice took 53.431875 milliseconds
[2025-04-24 16:23:50.305] [30294] [HailoRT] [info] [infer_model.cpp:436] [configure] Configuring network group 'yolov8s_pose' with params: batch size: 2, power mode: PERFORMANCE, latency: NONE
[2025-04-24 16:23:50.306] [30294] [HailoRT] [info] [multi_io_elements.cpp:756] [create] Created (AsyncHwEl)
[2025-04-24 16:23:50.306] [30294] [HailoRT] [info] [queue_elements.cpp:450] [create] Created (EntryPushQEl0yolov8s_pose/input_layer1 | timeout: 10s)
[2025-04-24 16:23:50.306] [30294] [HailoRT] [info] [filter_elements.cpp:101] [create] Created (PreInferEl2yolov8s_pose/input_layer1 | Reorder - src_order: RGB4, src_shape: (640, 640, 3), dst_order: NHWC, dst_shape: (640, 640, 3))
[2025-04-24 16:23:50.306] [30294] [HailoRT] [info] [queue_elements.cpp:450] [create] Created (PushQEl2yolov8s_pose/input_layer1 | timeout: 10s)
[2025-04-24 16:23:50.306] [30294] [HailoRT] [info] [edge_elements.cpp:187] [create] Created (LastAsyncEl5AsyncHwEl)
[2025-04-24 16:23:50.306] [30294] [HailoRT] [info] [queue_elements.cpp:450] [create] Created (PushQEl6AsyncHwEl | timeout: 10s)
[2025-04-24 16:23:50.306] [30294] [HailoRT] [info] [filter_elements.cpp:375] [create] Created (PostInferEl6AsyncHwEl | Reorder - src_order: FCR, src_shape: (20, 20, 56), dst_order: FCR, dst_shape: (20, 20, 51))
[2025-04-24 16:23:50.306] [30294] [HailoRT] [info] [edge_elements.cpp:187] [create] Created (LastAsyncEl0PostInferEl6AsyncHwEl)
[2025-04-24 16:23:50.306] [30294] [HailoRT] [info] [edge_elements.cpp:187] [create] Created (LastAsyncEl7AsyncHwEl)
[2025-04-24 16:23:50.306] [30294] [HailoRT] [info] [edge_elements.cpp:187] [create] Created (LastAsyncEl1AsyncHwEl)
[2025-04-24 16:23:50.306] [30294] [HailoRT] [info] [edge_elements.cpp:187] [create] Created (LastAsyncEl2AsyncHwEl)
[2025-04-24 16:23:50.306] [30294] [HailoRT] [info] [edge_elements.cpp:187] [create] Created (LastAsyncEl3AsyncHwEl)
[2025-04-24 16:23:50.306] [30294] [HailoRT] [info] [queue_elements.cpp:450] [create] Created (PushQEl0AsyncHwEl | timeout: 10s)
[2025-04-24 16:23:50.306] [30294] [HailoRT] [info] [filter_elements.cpp:375] [create] Created (PostInferEl0AsyncHwEl | Reorder - src_order: FCR, src_shape: (40, 40, 56), dst_order: FCR, dst_shape: (40, 40, 51))
[2025-04-24 16:23:50.306] [30294] [HailoRT] [info] [edge_elements.cpp:187] [create] Created (LastAsyncEl0PostInferEl0AsyncHwEl)
[2025-04-24 16:23:50.306] [30294] [HailoRT] [info] [edge_elements.cpp:187] [create] Created (LastAsyncEl8AsyncHwEl)
[2025-04-24 16:23:50.306] [30294] [HailoRT] [info] [queue_elements.cpp:450] [create] Created (PushQEl4AsyncHwEl | timeout: 10s)
[2025-04-24 16:23:50.307] [30294] [HailoRT] [info] [filter_elements.cpp:375] [create] Created (PostInferEl4AsyncHwEl | Reorder - src_order: FCR, src_shape: (80, 80, 56), dst_order: FCR, dst_shape: (80, 80, 51))
[2025-04-24 16:23:50.307] [30294] [HailoRT] [info] [edge_elements.cpp:187] [create] Created (LastAsyncEl0PostInferEl4AsyncHwEl)
[2025-04-24 16:23:50.307] [30294] [HailoRT] [info] [pipeline.cpp:891] [print_deep_description] EntryPushQEl0yolov8s_pose/input_layer1 | inputs: user | outputs: PreInferEl2yolov8s_pose/input_layer1(running in thread_id: 30322)
[2025-04-24 16:23:50.307] [30294] [HailoRT] [info] [pipeline.cpp:891] [print_deep_description] PreInferEl2yolov8s_pose/input_layer1 | inputs: EntryPushQEl0yolov8s_pose/input_layer1[0] | outputs: PushQEl2yolov8s_pose/input_layer1
[2025-04-24 16:23:50.307] [30294] [HailoRT] [info] [pipeline.cpp:891] [print_deep_description] PushQEl2yolov8s_pose/input_layer1 | inputs: PreInferEl2yolov8s_pose/input_layer1[0] | outputs: AsyncHwEl(running in thread_id: 30323)
[2025-04-24 16:23:50.307] [30294] [HailoRT] [info] [pipeline.cpp:891] [print_deep_description] AsyncHwEl | inputs: PushQEl2yolov8s_pose/input_layer1[0] | outputs: PushQEl0AsyncHwEl LastAsyncEl1AsyncHwEl LastAsyncEl2AsyncHwEl LastAsyncEl3AsyncHwEl PushQEl4AsyncHwEl LastAsyncEl5AsyncHwEl PushQEl6AsyncHwEl LastAsyncEl7AsyncHwEl LastAsyncEl8AsyncHwEl
[2025-04-24 16:23:50.307] [30294] [HailoRT] [info] [pipeline.cpp:891] [print_deep_description] PushQEl0AsyncHwEl | inputs: AsyncHwEl[0] | outputs: PostInferEl0AsyncHwEl(running in thread_id: 30325)
[2025-04-24 16:23:50.307] [30294] [HailoRT] [info] [pipeline.cpp:891] [print_deep_description] PostInferEl0AsyncHwEl | inputs: PushQEl0AsyncHwEl[0] | outputs: LastAsyncEl0PostInferEl0AsyncHwEl
[2025-04-24 16:23:50.307] [30294] [HailoRT] [info] [pipeline.cpp:891] [print_deep_description] LastAsyncEl0PostInferEl0AsyncHwEl | inputs: PostInferEl0AsyncHwEl[0] | outputs: user
[2025-04-24 16:23:50.307] [30294] [HailoRT] [info] [pipeline.cpp:891] [print_deep_description] LastAsyncEl1AsyncHwEl | inputs: AsyncHwEl[0] | outputs: user
[2025-04-24 16:23:50.307] [30294] [HailoRT] [info] [pipeline.cpp:891] [print_deep_description] LastAsyncEl2AsyncHwEl | inputs: AsyncHwEl[0] | outputs: user
[2025-04-24 16:23:50.307] [30294] [HailoRT] [info] [pipeline.cpp:891] [print_deep_description] LastAsyncEl3AsyncHwEl | inputs: AsyncHwEl[0] | outputs: user
[2025-04-24 16:23:50.307] [30294] [HailoRT] [info] [pipeline.cpp:891] [print_deep_description] PushQEl4AsyncHwEl | inputs: AsyncHwEl[0] | outputs: PostInferEl4AsyncHwEl(running in thread_id: 30326)
[2025-04-24 16:23:50.307] [30294] [HailoRT] [info] [pipeline.cpp:891] [print_deep_description] PostInferEl4AsyncHwEl | inputs: PushQEl4AsyncHwEl[0] | outputs: LastAsyncEl0PostInferEl4AsyncHwEl
[2025-04-24 16:23:50.307] [30294] [HailoRT] [info] [pipeline.cpp:891] [print_deep_description] LastAsyncEl0PostInferEl4AsyncHwEl | inputs: PostInferEl4AsyncHwEl[0] | outputs: user
[2025-04-24 16:23:50.307] [30294] [HailoRT] [info] [pipeline.cpp:891] [print_deep_description] LastAsyncEl5AsyncHwEl | inputs: AsyncHwEl[0] | outputs: user
[2025-04-24 16:23:50.307] [30294] [HailoRT] [info] [pipeline.cpp:891] [print_deep_description] PushQEl6AsyncHwEl | inputs: AsyncHwEl[0] | outputs: PostInferEl6AsyncHwEl(running in thread_id: 30324)
[2025-04-24 16:23:50.307] [30294] [HailoRT] [info] [pipeline.cpp:891] [print_deep_description] PostInferEl6AsyncHwEl | inputs: PushQEl6AsyncHwEl[0] | outputs: LastAsyncEl0PostInferEl6AsyncHwEl
[2025-04-24 16:23:50.307] [30294] [HailoRT] [info] [pipeline.cpp:891] [print_deep_description] LastAsyncEl0PostInferEl6AsyncHwEl | inputs: PostInferEl6AsyncHwEl[0] | outputs: user
[2025-04-24 16:23:50.307] [30294] [HailoRT] [info] [pipeline.cpp:891] [print_deep_description] LastAsyncEl7AsyncHwEl | inputs: AsyncHwEl[0] | outputs: user
[2025-04-24 16:23:50.307] [30294] [HailoRT] [info] [pipeline.cpp:891] [print_deep_description] LastAsyncEl8AsyncHwEl | inputs: AsyncHwEl[0] | outputs: user
[2025-04-24 16:23:50.710] [30308] [HailoRT] [info] [hef.cpp:1929] [get_network_group_and_network_name] No name was given. Addressing all networks of default network_group: yolov8s_pose
[2025-04-24 16:24:55.226] [30396] [HailoRT] [info] [device.cpp:49] [Device] OS Version: Linux 6.12.20+rpt-rpi-2712 #1 SMP PREEMPT Debian 1:6.12.20-1+rpt1~bpo12+1 (2025-03-19) aarch64
[2025-04-24 16:24:55.227] [30396] [HailoRT] [info] [control.cpp:108] [control__parse_identify_results] firmware_version is: 4.20.0
[2025-04-24 16:24:55.228] [30396] [HailoRT] [info] [control.cpp:108] [control__parse_identify_results] firmware_version is: 4.20.0
[2025-04-24 16:24:55.285] [30385] [HailoRT] [info] [vdevice.cpp:523] [create] Creating vdevice with params: device_count: 1, scheduling_algorithm: ROUND_ROBIN, multi_process_service: false
[2025-04-24 16:24:55.298] [30385] [HailoRT] [info] [device.cpp:49] [Device] OS Version: Linux 6.12.20+rpt-rpi-2712 #1 SMP PREEMPT Debian 1:6.12.20-1+rpt1~bpo12+1 (2025-03-19) aarch64
[2025-04-24 16:24:55.299] [30385] [HailoRT] [info] [control.cpp:108] [control__parse_identify_results] firmware_version is: 4.20.0
[2025-04-24 16:24:55.299] [30385] [HailoRT] [info] [vdevice.cpp:651] [create] VDevice Infos: 0001:01:00.0
[2025-04-24 16:24:55.383] [30385] [HailoRT] [info] [hef.cpp:1929] [get_network_group_and_network_name] No name was given. Addressing all networks of default network_group: yolov8s_pose
[2025-04-24 16:24:55.383] [30385] [HailoRT] [info] [hef.cpp:1929] [get_network_group_and_network_name] No name was given. Addressing all networks of default network_group: yolov8s_pose
[2025-04-24 16:24:58.219] [30411] [HailoRT] [info] [internal_buffer_manager.cpp:204] [print_execution_results] Planned internal buffer memory: CMA memory 0, user memory 6148096. memory to edge layer usage factor is 0.7699904
[2025-04-24 16:24:58.219] [30411] [HailoRT] [info] [internal_buffer_manager.cpp:212] [print_execution_results] Default Internal buffer planner executed successfully
[2025-04-24 16:24:58.257] [30411] [HailoRT] [info] [device_internal.cpp:57] [configure] Configuring HEF took 47.833135 milliseconds
[2025-04-24 16:24:58.257] [30411] [HailoRT] [info] [vdevice.cpp:749] [configure] Configuring HEF on VDevice took 48.298231 milliseconds
[2025-04-24 16:24:58.257] [30411] [HailoRT] [info] [infer_model.cpp:436] [configure] Configuring network group 'yolov8s_pose' with params: batch size: 2, power mode: PERFORMANCE, latency: NONE
[2025-04-24 16:24:58.257] [30411] [HailoRT] [info] [multi_io_elements.cpp:756] [create] Created (AsyncHwEl)
[2025-04-24 16:24:58.258] [30411] [HailoRT] [info] [queue_elements.cpp:450] [create] Created (EntryPushQEl0yolov8s_pose/input_layer1 | timeout: 10s)
[2025-04-24 16:24:58.258] [30411] [HailoRT] [info] [filter_elements.cpp:101] [create] Created (PreInferEl2yolov8s_pose/input_layer1 | Reorder - src_order: RGB4, src_shape: (640, 640, 3), dst_order: NHWC, dst_shape: (640, 640, 3))
[2025-04-24 16:24:58.258] [30411] [HailoRT] [info] [queue_elements.cpp:450] [create] Created (PushQEl2yolov8s_pose/input_layer1 | timeout: 10s)
[2025-04-24 16:24:58.258] [30411] [HailoRT] [info] [edge_elements.cpp:187] [create] Created (LastAsyncEl5AsyncHwEl)
[2025-04-24 16:24:58.258] [30411] [HailoRT] [info] [queue_elements.cpp:450] [create] Created (PushQEl6AsyncHwEl | timeout: 10s)
[2025-04-24 16:24:58.258] [30411] [HailoRT] [info] [filter_elements.cpp:375] [create] Created (PostInferEl6AsyncHwEl | Reorder - src_order: FCR, src_shape: (20, 20, 56), dst_order: FCR, dst_shape: (20, 20, 51))
[2025-04-24 16:24:58.258] [30411] [HailoRT] [info] [edge_elements.cpp:187] [create] Created (LastAsyncEl0PostInferEl6AsyncHwEl)
[2025-04-24 16:24:58.258] [30411] [HailoRT] [info] [edge_elements.cpp:187] [create] Created (LastAsyncEl7AsyncHwEl)
[2025-04-24 16:24:58.258] [30411] [HailoRT] [info] [edge_elements.cpp:187] [create] Created (LastAsyncEl1AsyncHwEl)
[2025-04-24 16:24:58.258] [30411] [HailoRT] [info] [edge_elements.cpp:187] [create] Created (LastAsyncEl2AsyncHwEl)
[2025-04-24 16:24:58.258] [30411] [HailoRT] [info] [edge_elements.cpp:187] [create] Created (LastAsyncEl3AsyncHwEl)
[2025-04-24 16:24:58.258] [30411] [HailoRT] [info] [queue_elements.cpp:450] [create] Created (PushQEl0AsyncHwEl | timeout: 10s)
[2025-04-24 16:24:58.258] [30411] [HailoRT] [info] [filter_elements.cpp:375] [create] Created (PostInferEl0AsyncHwEl | Reorder - src_order: FCR, src_shape: (40, 40, 56), dst_order: FCR, dst_shape: (40, 40, 51))
[2025-04-24 16:24:58.258] [30411] [HailoRT] [info] [edge_elements.cpp:187] [create] Created (LastAsyncEl0PostInferEl0AsyncHwEl)
[2025-04-24 16:24:58.258] [30411] [HailoRT] [info] [edge_elements.cpp:187] [create] Created (LastAsyncEl8AsyncHwEl)
[2025-04-24 16:24:58.258] [30411] [HailoRT] [info] [queue_elements.cpp:450] [create] Created (PushQEl4AsyncHwEl | timeout: 10s)
[2025-04-24 16:24:58.258] [30411] [HailoRT] [info] [filter_elements.cpp:375] [create] Created (PostInferEl4AsyncHwEl | Reorder - src_order: FCR, src_shape: (80, 80, 56), dst_order: FCR, dst_shape: (80, 80, 51))
[2025-04-24 16:24:58.258] [30411] [HailoRT] [info] [edge_elements.cpp:187] [create] Created (LastAsyncEl0PostInferEl4AsyncHwEl)
[2025-04-24 16:24:58.258] [30411] [HailoRT] [info] [pipeline.cpp:891] [print_deep_description] EntryPushQEl0yolov8s_pose/input_layer1 | inputs: user | outputs: PreInferEl2yolov8s_pose/input_layer1(running in thread_id: 30442)
[2025-04-24 16:24:58.258] [30411] [HailoRT] [info] [pipeline.cpp:891] [print_deep_description] PreInferEl2yolov8s_pose/input_layer1 | inputs: EntryPushQEl0yolov8s_pose/input_layer1[0] | outputs: PushQEl2yolov8s_pose/input_layer1
[2025-04-24 16:24:58.258] [30411] [HailoRT] [info] [pipeline.cpp:891] [print_deep_description] PushQEl2yolov8s_pose/input_layer1 | inputs: PreInferEl2yolov8s_pose/input_layer1[0] | outputs: AsyncHwEl(running in thread_id: 30443)
[2025-04-24 16:24:58.258] [30411] [HailoRT] [info] [pipeline.cpp:891] [print_deep_description] AsyncHwEl | inputs: PushQEl2yolov8s_pose/input_layer1[0] | outputs: PushQEl0AsyncHwEl LastAsyncEl1AsyncHwEl LastAsyncEl2AsyncHwEl LastAsyncEl3AsyncHwEl PushQEl4AsyncHwEl LastAsyncEl5AsyncHwEl PushQEl6AsyncHwEl LastAsyncEl7AsyncHwEl LastAsyncEl8AsyncHwEl
[2025-04-24 16:24:58.258] [30411] [HailoRT] [info] [pipeline.cpp:891] [print_deep_description] PushQEl0AsyncHwEl | inputs: AsyncHwEl[0] | outputs: PostInferEl0AsyncHwEl(running in thread_id: 30445)
[2025-04-24 16:24:58.258] [30411] [HailoRT] [info] [pipeline.cpp:891] [print_deep_description] PostInferEl0AsyncHwEl | inputs: PushQEl0AsyncHwEl[0] | outputs: LastAsyncEl0PostInferEl0AsyncHwEl
[2025-04-24 16:24:58.258] [30411] [HailoRT] [info] [pipeline.cpp:891] [print_deep_description] LastAsyncEl0PostInferEl0AsyncHwEl | inputs: PostInferEl0AsyncHwEl[0] | outputs: user
[2025-04-24 16:24:58.258] [30411] [HailoRT] [info] [pipeline.cpp:891] [print_deep_description] LastAsyncEl1AsyncHwEl | inputs: AsyncHwEl[0] | outputs: user
[2025-04-24 16:24:58.258] [30411] [HailoRT] [info] [pipeline.cpp:891] [print_deep_description] LastAsyncEl2AsyncHwEl | inputs: AsyncHwEl[0] | outputs: user
[2025-04-24 16:24:58.258] [30411] [HailoRT] [info] [pipeline.cpp:891] [print_deep_description] LastAsyncEl3AsyncHwEl | inputs: AsyncHwEl[0] | outputs: user
[2025-04-24 16:24:58.258] [30411] [HailoRT] [info] [pipeline.cpp:891] [print_deep_description] PushQEl4AsyncHwEl | inputs: AsyncHwEl[0] | outputs: PostInferEl4AsyncHwEl(running in thread_id: 30446)
[2025-04-24 16:24:58.258] [30411] [HailoRT] [info] [pipeline.cpp:891] [print_deep_description] PostInferEl4AsyncHwEl | inputs: PushQEl4AsyncHwEl[0] | outputs: LastAsyncEl0PostInferEl4AsyncHwEl
[2025-04-24 16:24:58.258] [30411] [HailoRT] [info] [pipeline.cpp:891] [print_deep_description] LastAsyncEl0PostInferEl4AsyncHwEl | inputs: PostInferEl4AsyncHwEl[0] | outputs: user
[2025-04-24 16:24:58.258] [30411] [HailoRT] [info] [pipeline.cpp:891] [print_deep_description] LastAsyncEl5AsyncHwEl | inputs: AsyncHwEl[0] | outputs: user
[2025-04-24 16:24:58.258] [30411] [HailoRT] [info] [pipeline.cpp:891] [print_deep_description] PushQEl6AsyncHwEl | inputs: AsyncHwEl[0] | outputs: PostInferEl6AsyncHwEl(running in thread_id: 30444)
[2025-04-24 16:24:58.258] [30411] [HailoRT] [info] [pipeline.cpp:891] [print_deep_description] PostInferEl6AsyncHwEl | inputs: PushQEl6AsyncHwEl[0] | outputs: LastAsyncEl0PostInferEl6AsyncHwEl
[2025-04-24 16:24:58.258] [30411] [HailoRT] [info] [pipeline.cpp:891] [print_deep_description] LastAsyncEl0PostInferEl6AsyncHwEl | inputs: PostInferEl6AsyncHwEl[0] | outputs: user
[2025-04-24 16:24:58.258] [30411] [HailoRT] [info] [pipeline.cpp:891] [print_deep_description] LastAsyncEl7AsyncHwEl | inputs: AsyncHwEl[0] | outputs: user
[2025-04-24 16:24:58.258] [30411] [HailoRT] [info] [pipeline.cpp:891] [print_deep_description] LastAsyncEl8AsyncHwEl | inputs: AsyncHwEl[0] | outputs: user
[2025-04-24 16:24:58.290] [30433] [HailoRT] [info] [hef.cpp:1929] [get_network_group_and_network_name] No name was given. Addressing all networks of default network_group: yolov8s_pose
[2025-04-24 16:25:20.640] [30385] [HailoRT] [info] [async_infer_runner.cpp:86] [shutdown] Pipeline was aborted. Shutting it down
[2025-04-24 16:25:20.642] [30385] [HailoRT] [info] [queue_elements.cpp:570] [execute_deactivate] enqueue() in element PushQEl0AsyncHwEl was aborted, got status = HAILO_SHUTDOWN_EVENT_SIGNALED(57)
[2025-04-24 16:25:20.642] [30385] [HailoRT] [info] [queue_elements.cpp:570] [execute_deactivate] enqueue() in element PushQEl4AsyncHwEl was aborted, got status = HAILO_SHUTDOWN_EVENT_SIGNALED(57)
[2025-04-24 16:25:20.642] [30385] [HailoRT] [info] [queue_elements.cpp:570] [execute_deactivate] enqueue() in element PushQEl6AsyncHwEl was aborted, got status = HAILO_SHUTDOWN_EVENT_SIGNALED(57)
[2025-04-24 16:25:20.642] [30385] [HailoRT] [info] [queue_elements.cpp:570] [execute_deactivate] enqueue() in element PushQEl2yolov8s_pose/input_layer1 was aborted, got status = HAILO_SHUTDOWN_EVENT_SIGNALED(57)
[2025-04-24 16:25:20.642] [30385] [HailoRT] [info] [queue_elements.cpp:570] [execute_deactivate] enqueue() in element EntryPushQEl0yolov8s_pose/input_layer1 was aborted, got status = HAILO_SHUTDOWN_EVENT_SIGNALED(57)
[2025-04-24 16:25:20.642] [30385] [HailoRT] [info] [queue_elements.cpp:46] [~BaseQueueElement] Queue element EntryPushQEl0yolov8s_pose/input_layer1 has 0 frames in his Queue on destruction
[2025-04-24 16:25:20.642] [30385] [HailoRT] [info] [queue_elements.cpp:46] [~BaseQueueElement] Queue element PushQEl2yolov8s_pose/input_layer1 has 0 frames in his Queue on destruction
[2025-04-24 16:25:20.645] [30385] [HailoRT] [info] [queue_elements.cpp:46] [~BaseQueueElement] Queue element PushQEl6AsyncHwEl has 0 frames in his Queue on destruction
[2025-04-24 16:25:20.645] [30385] [HailoRT] [info] [queue_elements.cpp:46] [~BaseQueueElement] Queue element PushQEl0AsyncHwEl has 0 frames in his Queue on destruction
[2025-04-24 16:25:20.646] [30385] [HailoRT] [info] [queue_elements.cpp:46] [~BaseQueueElement] Queue element PushQEl4AsyncHwEl has 0 frames in his Queue on destruction
[2025-04-24 16:28:19.115] [30616] [HailoRT] [info] [device.cpp:49] [Device] OS Version: Linux 6.12.20+rpt-rpi-2712 #1 SMP PREEMPT Debian 1:6.12.20-1+rpt1~bpo12+1 (2025-03-19) aarch64
[2025-04-24 16:28:19.116] [30616] [HailoRT] [info] [control.cpp:108] [control__parse_identify_results] firmware_version is: 4.20.0
[2025-04-24 16:28:19.117] [30616] [HailoRT] [info] [control.cpp:108] [control__parse_identify_results] firmware_version is: 4.20.0
[2025-04-24 16:28:19.167] [30604] [HailoRT] [info] [vdevice.cpp:523] [create] Creating vdevice with params: device_count: 1, scheduling_algorithm: ROUND_ROBIN, multi_process_service: false
[2025-04-24 16:28:19.178] [30604] [HailoRT] [info] [device.cpp:49] [Device] OS Version: Linux 6.12.20+rpt-rpi-2712 #1 SMP PREEMPT Debian 1:6.12.20-1+rpt1~bpo12+1 (2025-03-19) aarch64
[2025-04-24 16:28:19.179] [30604] [HailoRT] [info] [control.cpp:108] [control__parse_identify_results] firmware_version is: 4.20.0
[2025-04-24 16:28:19.179] [30604] [HailoRT] [info] [vdevice.cpp:651] [create] VDevice Infos: 0001:01:00.0
[2025-04-24 16:28:19.263] [30604] [HailoRT] [info] [hef.cpp:1929] [get_network_group_and_network_name] No name was given. Addressing all networks of default network_group: yolov8s_pose
[2025-04-24 16:28:19.263] [30604] [HailoRT] [info] [hef.cpp:1929] [get_network_group_and_network_name] No name was given. Addressing all networks of default network_group: yolov8s_pose
[2025-04-24 16:28:19.314] [30630] [HailoRT] [info] [internal_buffer_manager.cpp:204] [print_execution_results] Planned internal buffer memory: CMA memory 0, user memory 6148096. memory to edge layer usage factor is 0.7699904
[2025-04-24 16:28:19.314] [30630] [HailoRT] [info] [internal_buffer_manager.cpp:212] [print_execution_results] Default Internal buffer planner executed successfully
[2025-04-24 16:28:19.351] [30630] [HailoRT] [info] [device_internal.cpp:57] [configure] Configuring HEF took 52.095542 milliseconds
[2025-04-24 16:28:19.352] [30630] [HailoRT] [info] [vdevice.cpp:749] [configure] Configuring HEF on VDevice took 52.566359 milliseconds
[2025-04-24 16:28:19.352] [30630] [HailoRT] [info] [infer_model.cpp:436] [configure] Configuring network group 'yolov8s_pose' with params: batch size: 2, power mode: PERFORMANCE, latency: NONE
[2025-04-24 16:28:19.352] [30630] [HailoRT] [info] [multi_io_elements.cpp:756] [create] Created (AsyncHwEl)
[2025-04-24 16:28:19.352] [30630] [HailoRT] [info] [queue_elements.cpp:450] [create] Created (EntryPushQEl0yolov8s_pose/input_layer1 | timeout: 10s)
[2025-04-24 16:28:19.352] [30630] [HailoRT] [info] [filter_elements.cpp:101] [create] Created (PreInferEl2yolov8s_pose/input_layer1 | Reorder - src_order: RGB4, src_shape: (640, 640, 3), dst_order: NHWC, dst_shape: (640, 640, 3))
[2025-04-24 16:28:19.352] [30630] [HailoRT] [info] [queue_elements.cpp:450] [create] Created (PushQEl2yolov8s_pose/input_layer1 | timeout: 10s)
[2025-04-24 16:28:19.352] [30630] [HailoRT] [info] [edge_elements.cpp:187] [create] Created (LastAsyncEl5AsyncHwEl)
[2025-04-24 16:28:19.352] [30630] [HailoRT] [info] [queue_elements.cpp:450] [create] Created (PushQEl6AsyncHwEl | timeout: 10s)
[2025-04-24 16:28:19.352] [30630] [HailoRT] [info] [filter_elements.cpp:375] [create] Created (PostInferEl6AsyncHwEl | Reorder - src_order: FCR, src_shape: (20, 20, 56), dst_order: FCR, dst_shape: (20, 20, 51))
[2025-04-24 16:28:19.352] [30630] [HailoRT] [info] [edge_elements.cpp:187] [create] Created (LastAsyncEl0PostInferEl6AsyncHwEl)
[2025-04-24 16:28:19.352] [30630] [HailoRT] [info] [edge_elements.cpp:187] [create] Created (LastAsyncEl7AsyncHwEl)
[2025-04-24 16:28:19.352] [30630] [HailoRT] [info] [edge_elements.cpp:187] [create] Created (LastAsyncEl1AsyncHwEl)
[2025-04-24 16:28:19.352] [30630] [HailoRT] [info] [edge_elements.cpp:187] [create] Created (LastAsyncEl2AsyncHwEl)
[2025-04-24 16:28:19.353] [30630] [HailoRT] [info] [edge_elements.cpp:187] [create] Created (LastAsyncEl3AsyncHwEl)
[2025-04-24 16:28:19.353] [30630] [HailoRT] [info] [queue_elements.cpp:450] [create] Created (PushQEl0AsyncHwEl | timeout: 10s)
[2025-04-24 16:28:19.353] [30630] [HailoRT] [info] [filter_elements.cpp:375] [create] Created (PostInferEl0AsyncHwEl | Reorder - src_order: FCR, src_shape: (40, 40, 56), dst_order: FCR, dst_shape: (40, 40, 51))
[2025-04-24 16:28:19.353] [30630] [HailoRT] [info] [edge_elements.cpp:187] [create] Created (LastAsyncEl0PostInferEl0AsyncHwEl)
[2025-04-24 16:28:19.353] [30630] [HailoRT] [info] [edge_elements.cpp:187] [create] Created (LastAsyncEl8AsyncHwEl)
[2025-04-24 16:28:19.353] [30630] [HailoRT] [info] [queue_elements.cpp:450] [create] Created (PushQEl4AsyncHwEl | timeout: 10s)
[2025-04-24 16:28:19.353] [30630] [HailoRT] [info] [filter_elements.cpp:375] [create] Created (PostInferEl4AsyncHwEl | Reorder - src_order: FCR, src_shape: (80, 80, 56), dst_order: FCR, dst_shape: (80, 80, 51))
[2025-04-24 16:28:19.353] [30630] [HailoRT] [info] [edge_elements.cpp:187] [create] Created (LastAsyncEl0PostInferEl4AsyncHwEl)
[2025-04-24 16:28:19.353] [30630] [HailoRT] [info] [pipeline.cpp:891] [print_deep_description] EntryPushQEl0yolov8s_pose/input_layer1 | inputs: user | outputs: PreInferEl2yolov8s_pose/input_layer1(running in thread_id: 30658)
[2025-04-24 16:28:19.353] [30630] [HailoRT] [info] [pipeline.cpp:891] [print_deep_description] PreInferEl2yolov8s_pose/input_layer1 | inputs: EntryPushQEl0yolov8s_pose/input_layer1[0] | outputs: PushQEl2yolov8s_pose/input_layer1
[2025-04-24 16:28:19.353] [30630] [HailoRT] [info] [pipeline.cpp:891] [print_deep_description] PushQEl2yolov8s_pose/input_layer1 | inputs: PreInferEl2yolov8s_pose/input_layer1[0] | outputs: AsyncHwEl(running in thread_id: 30659)
[2025-04-24 16:28:19.353] [30630] [HailoRT] [info] [pipeline.cpp:891] [print_deep_description] AsyncHwEl | inputs: PushQEl2yolov8s_pose/input_layer1[0] | outputs: PushQEl0AsyncHwEl LastAsyncEl1AsyncHwEl LastAsyncEl2AsyncHwEl LastAsyncEl3AsyncHwEl PushQEl4AsyncHwEl LastAsyncEl5AsyncHwEl PushQEl6AsyncHwEl LastAsyncEl7AsyncHwEl LastAsyncEl8AsyncHwEl
[2025-04-24 16:28:19.353] [30630] [HailoRT] [info] [pipeline.cpp:891] [print_deep_description] PushQEl0AsyncHwEl | inputs: AsyncHwEl[0] | outputs: PostInferEl0AsyncHwEl(running in thread_id: 30661)
[2025-04-24 16:28:19.353] [30630] [HailoRT] [info] [pipeline.cpp:891] [print_deep_description] PostInferEl0AsyncHwEl | inputs: PushQEl0AsyncHwEl[0] | outputs: LastAsyncEl0PostInferEl0AsyncHwEl
[2025-04-24 16:28:19.353] [30630] [HailoRT] [info] [pipeline.cpp:891] [print_deep_description] LastAsyncEl0PostInferEl0AsyncHwEl | inputs: PostInferEl0AsyncHwEl[0] | outputs: user
[2025-04-24 16:28:19.353] [30630] [HailoRT] [info] [pipeline.cpp:891] [print_deep_description] LastAsyncEl1AsyncHwEl | inputs: AsyncHwEl[0] | outputs: user
[2025-04-24 16:28:19.353] [30630] [HailoRT] [info] [pipeline.cpp:891] [print_deep_description] LastAsyncEl2AsyncHwEl | inputs: AsyncHwEl[0] | outputs: user
[2025-04-24 16:28:19.353] [30630] [HailoRT] [info] [pipeline.cpp:891] [print_deep_description] LastAsyncEl3AsyncHwEl | inputs: AsyncHwEl[0] | outputs: user
[2025-04-24 16:28:19.353] [30630] [HailoRT] [info] [pipeline.cpp:891] [print_deep_description] PushQEl4AsyncHwEl | inputs: AsyncHwEl[0] | outputs: PostInferEl4AsyncHwEl(running in thread_id: 30662)
[2025-04-24 16:28:19.353] [30630] [HailoRT] [info] [pipeline.cpp:891] [print_deep_description] PostInferEl4AsyncHwEl | inputs: PushQEl4AsyncHwEl[0] | outputs: LastAsyncEl0PostInferEl4AsyncHwEl
[2025-04-24 16:28:19.353] [30630] [HailoRT] [info] [pipeline.cpp:891] [print_deep_description] LastAsyncEl0PostInferEl4AsyncHwEl | inputs: PostInferEl4AsyncHwEl[0] | outputs: user
[2025-04-24 16:28:19.353] [30630] [HailoRT] [info] [pipeline.cpp:891] [print_deep_description] LastAsyncEl5AsyncHwEl | inputs: AsyncHwEl[0] | outputs: user
[2025-04-24 16:28:19.353] [30630] [HailoRT] [info] [pipeline.cpp:891] [print_deep_description] PushQEl6AsyncHwEl | inputs: AsyncHwEl[0] | outputs: PostInferEl6AsyncHwEl(running in thread_id: 30660)
[2025-04-24 16:28:19.353] [30630] [HailoRT] [info] [pipeline.cpp:891] [print_deep_description] PostInferEl6AsyncHwEl | inputs: PushQEl6AsyncHwEl[0] | outputs: LastAsyncEl0PostInferEl6AsyncHwEl
[2025-04-24 16:28:19.353] [30630] [HailoRT] [info] [pipeline.cpp:891] [print_deep_description] LastAsyncEl0PostInferEl6AsyncHwEl | inputs: PostInferEl6AsyncHwEl[0] | outputs: user
[2025-04-24 16:28:19.353] [30630] [HailoRT] [info] [pipeline.cpp:891] [print_deep_description] LastAsyncEl7AsyncHwEl | inputs: AsyncHwEl[0] | outputs: user
[2025-04-24 16:28:19.353] [30630] [HailoRT] [info] [pipeline.cpp:891] [print_deep_description] LastAsyncEl8AsyncHwEl | inputs: AsyncHwEl[0] | outputs: user
[2025-04-24 16:28:19.756] [30643] [HailoRT] [info] [hef.cpp:1929] [get_network_group_and_network_name] No name was given. Addressing all networks of default network_group: yolov8s_pose
[2025-04-24 16:28:28.359] [30685] [HailoRT] [info] [device.cpp:49] [Device] OS Version: Linux 6.12.20+rpt-rpi-2712 #1 SMP PREEMPT Debian 1:6.12.20-1+rpt1~bpo12+1 (2025-03-19) aarch64
[2025-04-24 16:28:28.365] [30685] [HailoRT] [info] [control.cpp:108] [control__parse_identify_results] firmware_version is: 4.20.0
[2025-04-24 16:28:28.369] [30685] [HailoRT] [info] [control.cpp:108] [control__parse_identify_results] firmware_version is: 4.20.0
[2025-04-24 16:28:28.442] [30673] [HailoRT] [info] [vdevice.cpp:523] [create] Creating vdevice with params: device_count: 1, scheduling_algorithm: ROUND_ROBIN, multi_process_service: false
[2025-04-24 16:28:28.443] [30673] [HailoRT] [info] [device.cpp:49] [Device] OS Version: Linux 6.12.20+rpt-rpi-2712 #1 SMP PREEMPT Debian 1:6.12.20-1+rpt1~bpo12+1 (2025-03-19) aarch64
[2025-04-24 16:28:28.448] [30673] [HailoRT] [info] [control.cpp:108] [control__parse_identify_results] firmware_version is: 4.20.0
[2025-04-24 16:28:28.470] [30673] [HailoRT] [error] [vdevice.cpp:820] [create_devices] CHECK failed - Failed to create vdevice. there are not enough free devices. requested: 1, found: 0
[2025-04-24 16:28:28.470] [30673] [HailoRT] [error] [vdevice.cpp:631] [create] CHECK_SUCCESS failed with status=HAILO_OUT_OF_PHYSICAL_DEVICES(74)
[2025-04-24 16:28:28.470] [30673] [HailoRT] [error] [shared_resource_manager.hpp:81] [register_resource] CHECK_SUCCESS failed with status=HAILO_OUT_OF_PHYSICAL_DEVICES(74)
[2025-04-24 16:28:28.470] [30673] [HailoRT] [error] [vdevice.cpp:132] [create] CHECK_SUCCESS failed with status=HAILO_OUT_OF_PHYSICAL_DEVICES(74)
[2025-04-24 16:28:28.470] [30673] [HailoRT] [error] [vdevice.cpp:554] [create] CHECK_SUCCESS failed with status=HAILO_OUT_OF_PHYSICAL_DEVICES(74)
[2025-04-24 16:28:40.158] [30721] [HailoRT] [info] [device.cpp:49] [Device] OS Version: Linux 6.12.20+rpt-rpi-2712 #1 SMP PREEMPT Debian 1:6.12.20-1+rpt1~bpo12+1 (2025-03-19) aarch64
[2025-04-24 16:28:40.159] [30721] [HailoRT] [info] [control.cpp:108] [control__parse_identify_results] firmware_version is: 4.20.0
[2025-04-24 16:28:40.160] [30721] [HailoRT] [info] [control.cpp:108] [control__parse_identify_results] firmware_version is: 4.20.0
[2025-04-24 16:28:40.203] [30711] [HailoRT] [info] [vdevice.cpp:523] [create] Creating vdevice with params: device_count: 1, scheduling_algorithm: ROUND_ROBIN, multi_process_service: false
[2025-04-24 16:28:40.216] [30711] [HailoRT] [info] [device.cpp:49] [Device] OS Version: Linux 6.12.20+rpt-rpi-2712 #1 SMP PREEMPT Debian 1:6.12.20-1+rpt1~bpo12+1 (2025-03-19) aarch64
[2025-04-24 16:28:40.217] [30711] [HailoRT] [info] [control.cpp:108] [control__parse_identify_results] firmware_version is: 4.20.0
[2025-04-24 16:28:40.217] [30711] [HailoRT] [info] [vdevice.cpp:651] [create] VDevice Infos: 0001:01:00.0
[2025-04-24 16:28:40.300] [30711] [HailoRT] [info] [hef.cpp:1929] [get_network_group_and_network_name] No name was given. Addressing all networks of default network_group: yolov8s_pose
[2025-04-24 16:28:40.300] [30711] [HailoRT] [info] [hef.cpp:1929] [get_network_group_and_network_name] No name was given. Addressing all networks of default network_group: yolov8s_pose
[2025-04-24 16:28:43.040] [30737] [HailoRT] [info] [internal_buffer_manager.cpp:204] [print_execution_results] Planned internal buffer memory: CMA memory 0, user memory 6148096. memory to edge layer usage factor is 0.7699904
[2025-04-24 16:28:43.040] [30737] [HailoRT] [info] [internal_buffer_manager.cpp:212] [print_execution_results] Default Internal buffer planner executed successfully
[2025-04-24 16:28:43.078] [30737] [HailoRT] [info] [device_internal.cpp:57] [configure] Configuring HEF took 47.287821 milliseconds
[2025-04-24 16:28:43.078] [30737] [HailoRT] [info] [vdevice.cpp:749] [configure] Configuring HEF on VDevice took 47.807231 milliseconds
[2025-04-24 16:28:43.079] [30737] [HailoRT] [info] [infer_model.cpp:436] [configure] Configuring network group 'yolov8s_pose' with params: batch size: 2, power mode: PERFORMANCE, latency: NONE
[2025-04-24 16:28:43.079] [30737] [HailoRT] [info] [multi_io_elements.cpp:756] [create] Created (AsyncHwEl)
[2025-04-24 16:28:43.079] [30737] [HailoRT] [info] [queue_elements.cpp:450] [create] Created (EntryPushQEl0yolov8s_pose/input_layer1 | timeout: 10s)
[2025-04-24 16:28:43.079] [30737] [HailoRT] [info] [filter_elements.cpp:101] [create] Created (PreInferEl2yolov8s_pose/input_layer1 | Reorder - src_order: RGB4, src_shape: (640, 640, 3), dst_order: NHWC, dst_shape: (640, 640, 3))
[2025-04-24 16:28:43.079] [30737] [HailoRT] [info] [queue_elements.cpp:450] [create] Created (PushQEl2yolov8s_pose/input_layer1 | timeout: 10s)
[2025-04-24 16:28:43.079] [30737] [HailoRT] [info] [edge_elements.cpp:187] [create] Created (LastAsyncEl5AsyncHwEl)
[2025-04-24 16:28:43.080] [30737] [HailoRT] [info] [queue_elements.cpp:450] [create] Created (PushQEl6AsyncHwEl | timeout: 10s)
[2025-04-24 16:28:43.080] [30737] [HailoRT] [info] [filter_elements.cpp:375] [create] Created (PostInferEl6AsyncHwEl | Reorder - src_order: FCR, src_shape: (20, 20, 56), dst_order: FCR, dst_shape: (20, 20, 51))
[2025-04-24 16:28:43.080] [30737] [HailoRT] [info] [edge_elements.cpp:187] [create] Created (LastAsyncEl0PostInferEl6AsyncHwEl)
[2025-04-24 16:28:43.080] [30737] [HailoRT] [info] [edge_elements.cpp:187] [create] Created (LastAsyncEl7AsyncHwEl)
[2025-04-24 16:28:43.080] [30737] [HailoRT] [info] [edge_elements.cpp:187] [create] Created (LastAsyncEl1AsyncHwEl)
[2025-04-24 16:28:43.080] [30737] [HailoRT] [info] [edge_elements.cpp:187] [create] Created (LastAsyncEl2AsyncHwEl)
[2025-04-24 16:28:43.080] [30737] [HailoRT] [info] [edge_elements.cpp:187] [create] Created (LastAsyncEl3AsyncHwEl)
[2025-04-24 16:28:43.081] [30737] [HailoRT] [info] [queue_elements.cpp:450] [create] Created (PushQEl0AsyncHwEl | timeout: 10s)
[2025-04-24 16:28:43.081] [30737] [HailoRT] [info] [filter_elements.cpp:375] [create] Created (PostInferEl0AsyncHwEl | Reorder - src_order: FCR, src_shape: (40, 40, 56), dst_order: FCR, dst_shape: (40, 40, 51))
[2025-04-24 16:28:43.081] [30737] [HailoRT] [info] [edge_elements.cpp:187] [create] Created (LastAsyncEl0PostInferEl0AsyncHwEl)
[2025-04-24 16:28:43.081] [30737] [HailoRT] [info] [edge_elements.cpp:187] [create] Created (LastAsyncEl8AsyncHwEl)
[2025-04-24 16:28:43.082] [30737] [HailoRT] [info] [queue_elements.cpp:450] [create] Created (PushQEl4AsyncHwEl | timeout: 10s)
[2025-04-24 16:28:43.082] [30737] [HailoRT] [info] [filter_elements.cpp:375] [create] Created (PostInferEl4AsyncHwEl | Reorder - src_order: FCR, src_shape: (80, 80, 56), dst_order: FCR, dst_shape: (80, 80, 51))
[2025-04-24 16:28:43.082] [30737] [HailoRT] [info] [edge_elements.cpp:187] [create] Created (LastAsyncEl0PostInferEl4AsyncHwEl)
[2025-04-24 16:28:43.082] [30737] [HailoRT] [info] [pipeline.cpp:891] [print_deep_description] EntryPushQEl0yolov8s_pose/input_layer1 | inputs: user | outputs: PreInferEl2yolov8s_pose/input_layer1(running in thread_id: 30766)
[2025-04-24 16:28:43.082] [30737] [HailoRT] [info] [pipeline.cpp:891] [print_deep_description] PreInferEl2yolov8s_pose/input_layer1 | inputs: EntryPushQEl0yolov8s_pose/input_layer1[0] | outputs: PushQEl2yolov8s_pose/input_layer1
[2025-04-24 16:28:43.082] [30737] [HailoRT] [info] [pipeline.cpp:891] [print_deep_description] PushQEl2yolov8s_pose/input_layer1 | inputs: PreInferEl2yolov8s_pose/input_layer1[0] | outputs: AsyncHwEl(running in thread_id: 30767)
[2025-04-24 16:28:43.082] [30737] [HailoRT] [info] [pipeline.cpp:891] [print_deep_description] AsyncHwEl | inputs: PushQEl2yolov8s_pose/input_layer1[0] | outputs: PushQEl0AsyncHwEl LastAsyncEl1AsyncHwEl LastAsyncEl2AsyncHwEl LastAsyncEl3AsyncHwEl PushQEl4AsyncHwEl LastAsyncEl5AsyncHwEl PushQEl6AsyncHwEl LastAsyncEl7AsyncHwEl LastAsyncEl8AsyncHwEl
[2025-04-24 16:28:43.082] [30737] [HailoRT] [info] [pipeline.cpp:891] [print_deep_description] PushQEl0AsyncHwEl | inputs: AsyncHwEl[0] | outputs: PostInferEl0AsyncHwEl(running in thread_id: 30769)
[2025-04-24 16:28:43.082] [30737] [HailoRT] [info] [pipeline.cpp:891] [print_deep_description] PostInferEl0AsyncHwEl | inputs: PushQEl0AsyncHwEl[0] | outputs: LastAsyncEl0PostInferEl0AsyncHwEl
[2025-04-24 16:28:43.082] [30737] [HailoRT] [info] [pipeline.cpp:891] [print_deep_description] LastAsyncEl0PostInferEl0AsyncHwEl | inputs: PostInferEl0AsyncHwEl[0] | outputs: user
[2025-04-24 16:28:43.082] [30737] [HailoRT] [info] [pipeline.cpp:891] [print_deep_description] LastAsyncEl1AsyncHwEl | inputs: AsyncHwEl[0] | outputs: user
[2025-04-24 16:28:43.082] [30737] [HailoRT] [info] [pipeline.cpp:891] [print_deep_description] LastAsyncEl2AsyncHwEl | inputs: AsyncHwEl[0] | outputs: user
[2025-04-24 16:28:43.082] [30737] [HailoRT] [info] [pipeline.cpp:891] [print_deep_description] LastAsyncEl3AsyncHwEl | inputs: AsyncHwEl[0] | outputs: user
[2025-04-24 16:28:43.082] [30737] [HailoRT] [info] [pipeline.cpp:891] [print_deep_description] PushQEl4AsyncHwEl | inputs: AsyncHwEl[0] | outputs: PostInferEl4AsyncHwEl(running in thread_id: 30770)
[2025-04-24 16:28:43.082] [30737] [HailoRT] [info] [pipeline.cpp:891] [print_deep_description] PostInferEl4AsyncHwEl | inputs: PushQEl4AsyncHwEl[0] | outputs: LastAsyncEl0PostInferEl4AsyncHwEl
[2025-04-24 16:28:43.082] [30737] [HailoRT] [info] [pipeline.cpp:891] [print_deep_description] LastAsyncEl0PostInferEl4AsyncHwEl | inputs: PostInferEl4AsyncHwEl[0] | outputs: user
[2025-04-24 16:28:43.082] [30737] [HailoRT] [info] [pipeline.cpp:891] [print_deep_description] LastAsyncEl5AsyncHwEl | inputs: AsyncHwEl[0] | outputs: user
[2025-04-24 16:28:43.082] [30737] [HailoRT] [info] [pipeline.cpp:891] [print_deep_description] PushQEl6AsyncHwEl | inputs: AsyncHwEl[0] | outputs: PostInferEl6AsyncHwEl(running in thread_id: 30768)
[2025-04-24 16:28:43.082] [30737] [HailoRT] [info] [pipeline.cpp:891] [print_deep_description] PostInferEl6AsyncHwEl | inputs: PushQEl6AsyncHwEl[0] | outputs: LastAsyncEl0PostInferEl6AsyncHwEl
[2025-04-24 16:28:43.082] [30737] [HailoRT] [info] [pipeline.cpp:891] [print_deep_description] LastAsyncEl0PostInferEl6AsyncHwEl | inputs: PostInferEl6AsyncHwEl[0] | outputs: user
[2025-04-24 16:28:43.082] [30737] [HailoRT] [info] [pipeline.cpp:891] [print_deep_description] LastAsyncEl7AsyncHwEl | inputs: AsyncHwEl[0] | outputs: user
[2025-04-24 16:28:43.082] [30737] [HailoRT] [info] [pipeline.cpp:891] [print_deep_description] LastAsyncEl8AsyncHwEl | inputs: AsyncHwEl[0] | outputs: user
[2025-04-24 16:28:43.111] [30758] [HailoRT] [info] [hef.cpp:1929] [get_network_group_and_network_name] No name was given. Addressing all networks of default network_group: yolov8s_pose
[2025-04-24 16:29:23.092] [30815] [HailoRT] [info] [device.cpp:49] [Device] OS Version: Linux 6.12.20+rpt-rpi-2712 #1 SMP PREEMPT Debian 1:6.12.20-1+rpt1~bpo12+1 (2025-03-19) aarch64
[2025-04-24 16:29:23.093] [30815] [HailoRT] [info] [control.cpp:108] [control__parse_identify_results] firmware_version is: 4.20.0
[2025-04-24 16:29:23.094] [30815] [HailoRT] [info] [control.cpp:108] [control__parse_identify_results] firmware_version is: 4.20.0
[2025-04-24 16:29:23.144] [30805] [HailoRT] [info] [vdevice.cpp:523] [create] Creating vdevice with params: device_count: 1, scheduling_algorithm: ROUND_ROBIN, multi_process_service: false
[2025-04-24 16:29:23.155] [30805] [HailoRT] [info] [device.cpp:49] [Device] OS Version: Linux 6.12.20+rpt-rpi-2712 #1 SMP PREEMPT Debian 1:6.12.20-1+rpt1~bpo12+1 (2025-03-19) aarch64
[2025-04-24 16:29:23.156] [30805] [HailoRT] [info] [control.cpp:108] [control__parse_identify_results] firmware_version is: 4.20.0
[2025-04-24 16:29:23.156] [30805] [HailoRT] [info] [vdevice.cpp:651] [create] VDevice Infos: 0001:01:00.0
[2025-04-24 16:29:23.240] [30805] [HailoRT] [info] [hef.cpp:1929] [get_network_group_and_network_name] No name was given. Addressing all networks of default network_group: yolov8s_pose
[2025-04-24 16:29:23.240] [30805] [HailoRT] [info] [hef.cpp:1929] [get_network_group_and_network_name] No name was given. Addressing all networks of default network_group: yolov8s_pose
[2025-04-24 16:29:26.033] [30830] [HailoRT] [info] [internal_buffer_manager.cpp:204] [print_execution_results] Planned internal buffer memory: CMA memory 0, user memory 6148096. memory to edge layer usage factor is 0.7699904
[2025-04-24 16:29:26.033] [30830] [HailoRT] [info] [internal_buffer_manager.cpp:212] [print_execution_results] Default Internal buffer planner executed successfully
[2025-04-24 16:29:26.068] [30830] [HailoRT] [info] [device_internal.cpp:57] [configure] Configuring HEF took 45.218687 milliseconds
[2025-04-24 16:29:26.069] [30830] [HailoRT] [info] [vdevice.cpp:749] [configure] Configuring HEF on VDevice took 45.692098 milliseconds
[2025-04-24 16:29:26.069] [30830] [HailoRT] [info] [infer_model.cpp:436] [configure] Configuring network group 'yolov8s_pose' with params: batch size: 2, power mode: PERFORMANCE, latency: NONE
[2025-04-24 16:29:26.069] [30830] [HailoRT] [info] [multi_io_elements.cpp:756] [create] Created (AsyncHwEl)
[2025-04-24 16:29:26.069] [30830] [HailoRT] [info] [queue_elements.cpp:450] [create] Created (EntryPushQEl0yolov8s_pose/input_layer1 | timeout: 10s)
[2025-04-24 16:29:26.069] [30830] [HailoRT] [info] [filter_elements.cpp:101] [create] Created (PreInferEl2yolov8s_pose/input_layer1 | Reorder - src_order: RGB4, src_shape: (640, 640, 3), dst_order: NHWC, dst_shape: (640, 640, 3))
[2025-04-24 16:29:26.069] [30830] [HailoRT] [info] [queue_elements.cpp:450] [create] Created (PushQEl2yolov8s_pose/input_layer1 | timeout: 10s)
[2025-04-24 16:29:26.069] [30830] [HailoRT] [info] [edge_elements.cpp:187] [create] Created (LastAsyncEl5AsyncHwEl)
[2025-04-24 16:29:26.069] [30830] [HailoRT] [info] [queue_elements.cpp:450] [create] Created (PushQEl6AsyncHwEl | timeout: 10s)
[2025-04-24 16:29:26.069] [30830] [HailoRT] [info] [filter_elements.cpp:375] [create] Created (PostInferEl6AsyncHwEl | Reorder - src_order: FCR, src_shape: (20, 20, 56), dst_order: FCR, dst_shape: (20, 20, 51))
[2025-04-24 16:29:26.069] [30830] [HailoRT] [info] [edge_elements.cpp:187] [create] Created (LastAsyncEl0PostInferEl6AsyncHwEl)
[2025-04-24 16:29:26.069] [30830] [HailoRT] [info] [edge_elements.cpp:187] [create] Created (LastAsyncEl7AsyncHwEl)
[2025-04-24 16:29:26.069] [30830] [HailoRT] [info] [edge_elements.cpp:187] [create] Created (LastAsyncEl1AsyncHwEl)
[2025-04-24 16:29:26.070] [30830] [HailoRT] [info] [edge_elements.cpp:187] [create] Created (LastAsyncEl2AsyncHwEl)
[2025-04-24 16:29:26.070] [30830] [HailoRT] [info] [edge_elements.cpp:187] [create] Created (LastAsyncEl3AsyncHwEl)
[2025-04-24 16:29:26.070] [30830] [HailoRT] [info] [queue_elements.cpp:450] [create] Created (PushQEl0AsyncHwEl | timeout: 10s)
[2025-04-24 16:29:26.070] [30830] [HailoRT] [info] [filter_elements.cpp:375] [create] Created (PostInferEl0AsyncHwEl | Reorder - src_order: FCR, src_shape: (40, 40, 56), dst_order: FCR, dst_shape: (40, 40, 51))
[2025-04-24 16:29:26.070] [30830] [HailoRT] [info] [edge_elements.cpp:187] [create] Created (LastAsyncEl0PostInferEl0AsyncHwEl)
[2025-04-24 16:29:26.070] [30830] [HailoRT] [info] [edge_elements.cpp:187] [create] Created (LastAsyncEl8AsyncHwEl)
[2025-04-24 16:29:26.070] [30830] [HailoRT] [info] [queue_elements.cpp:450] [create] Created (PushQEl4AsyncHwEl | timeout: 10s)
[2025-04-24 16:29:26.070] [30830] [HailoRT] [info] [filter_elements.cpp:375] [create] Created (PostInferEl4AsyncHwEl | Reorder - src_order: FCR, src_shape: (80, 80, 56), dst_order: FCR, dst_shape: (80, 80, 51))
[2025-04-24 16:29:26.070] [30830] [HailoRT] [info] [edge_elements.cpp:187] [create] Created (LastAsyncEl0PostInferEl4AsyncHwEl)
[2025-04-24 16:29:26.070] [30830] [HailoRT] [info] [pipeline.cpp:891] [print_deep_description] EntryPushQEl0yolov8s_pose/input_layer1 | inputs: user | outputs: PreInferEl2yolov8s_pose/input_layer1(running in thread_id: 30859)
[2025-04-24 16:29:26.070] [30830] [HailoRT] [info] [pipeline.cpp:891] [print_deep_description] PreInferEl2yolov8s_pose/input_layer1 | inputs: EntryPushQEl0yolov8s_pose/input_layer1[0] | outputs: PushQEl2yolov8s_pose/input_layer1
[2025-04-24 16:29:26.070] [30830] [HailoRT] [info] [pipeline.cpp:891] [print_deep_description] PushQEl2yolov8s_pose/input_layer1 | inputs: PreInferEl2yolov8s_pose/input_layer1[0] | outputs: AsyncHwEl(running in thread_id: 30860)
[2025-04-24 16:29:26.070] [30830] [HailoRT] [info] [pipeline.cpp:891] [print_deep_description] AsyncHwEl | inputs: PushQEl2yolov8s_pose/input_layer1[0] | outputs: PushQEl0AsyncHwEl LastAsyncEl1AsyncHwEl LastAsyncEl2AsyncHwEl LastAsyncEl3AsyncHwEl PushQEl4AsyncHwEl LastAsyncEl5AsyncHwEl PushQEl6AsyncHwEl LastAsyncEl7AsyncHwEl LastAsyncEl8AsyncHwEl
[2025-04-24 16:29:26.070] [30830] [HailoRT] [info] [pipeline.cpp:891] [print_deep_description] PushQEl0AsyncHwEl | inputs: AsyncHwEl[0] | outputs: PostInferEl0AsyncHwEl(running in thread_id: 30862)
[2025-04-24 16:29:26.070] [30830] [HailoRT] [info] [pipeline.cpp:891] [print_deep_description] PostInferEl0AsyncHwEl | inputs: PushQEl0AsyncHwEl[0] | outputs: LastAsyncEl0PostInferEl0AsyncHwEl
[2025-04-24 16:29:26.070] [30830] [HailoRT] [info] [pipeline.cpp:891] [print_deep_description] LastAsyncEl0PostInferEl0AsyncHwEl | inputs: PostInferEl0AsyncHwEl[0] | outputs: user
[2025-04-24 16:29:26.070] [30830] [HailoRT] [info] [pipeline.cpp:891] [print_deep_description] LastAsyncEl1AsyncHwEl | inputs: AsyncHwEl[0] | outputs: user
[2025-04-24 16:29:26.070] [30830] [HailoRT] [info] [pipeline.cpp:891] [print_deep_description] LastAsyncEl2AsyncHwEl | inputs: AsyncHwEl[0] | outputs: user
[2025-04-24 16:29:26.070] [30830] [HailoRT] [info] [pipeline.cpp:891] [print_deep_description] LastAsyncEl3AsyncHwEl | inputs: AsyncHwEl[0] | outputs: user
[2025-04-24 16:29:26.070] [30830] [HailoRT] [info] [pipeline.cpp:891] [print_deep_description] PushQEl4AsyncHwEl | inputs: AsyncHwEl[0] | outputs: PostInferEl4AsyncHwEl(running in thread_id: 30863)
[2025-04-24 16:29:26.070] [30830] [HailoRT] [info] [pipeline.cpp:891] [print_deep_description] PostInferEl4AsyncHwEl | inputs: PushQEl4AsyncHwEl[0] | outputs: LastAsyncEl0PostInferEl4AsyncHwEl
[2025-04-24 16:29:26.070] [30830] [HailoRT] [info] [pipeline.cpp:891] [print_deep_description] LastAsyncEl0PostInferEl4AsyncHwEl | inputs: PostInferEl4AsyncHwEl[0] | outputs: user
[2025-04-24 16:29:26.070] [30830] [HailoRT] [info] [pipeline.cpp:891] [print_deep_description] LastAsyncEl5AsyncHwEl | inputs: AsyncHwEl[0] | outputs: user
[2025-04-24 16:29:26.070] [30830] [HailoRT] [info] [pipeline.cpp:891] [print_deep_description] PushQEl6AsyncHwEl | inputs: AsyncHwEl[0] | outputs: PostInferEl6AsyncHwEl(running in thread_id: 30861)
[2025-04-24 16:29:26.070] [30830] [HailoRT] [info] [pipeline.cpp:891] [print_deep_description] PostInferEl6AsyncHwEl | inputs: PushQEl6AsyncHwEl[0] | outputs: LastAsyncEl0PostInferEl6AsyncHwEl
[2025-04-24 16:29:26.070] [30830] [HailoRT] [info] [pipeline.cpp:891] [print_deep_description] LastAsyncEl0PostInferEl6AsyncHwEl | inputs: PostInferEl6AsyncHwEl[0] | outputs: user
[2025-04-24 16:29:26.070] [30830] [HailoRT] [info] [pipeline.cpp:891] [print_deep_description] LastAsyncEl7AsyncHwEl | inputs: AsyncHwEl[0] | outputs: user
[2025-04-24 16:29:26.070] [30830] [HailoRT] [info] [pipeline.cpp:891] [print_deep_description] LastAsyncEl8AsyncHwEl | inputs: AsyncHwEl[0] | outputs: user
[2025-04-24 16:29:26.104] [30849] [HailoRT] [info] [hef.cpp:1929] [get_network_group_and_network_name] No name was given. Addressing all networks of default network_group: yolov8s_pose
[2025-04-24 16:30:20.889] [30891] [HailoRT] [info] [device.cpp:49] [Device] OS Version: Linux 6.12.20+rpt-rpi-2712 #1 SMP PREEMPT Debian 1:6.12.20-1+rpt1~bpo12+1 (2025-03-19) aarch64
[2025-04-24 16:30:20.890] [30891] [HailoRT] [info] [control.cpp:108] [control__parse_identify_results] firmware_version is: 4.20.0
[2025-04-24 16:30:20.891] [30891] [HailoRT] [info] [control.cpp:108] [control__parse_identify_results] firmware_version is: 4.20.0
[2025-04-24 16:30:20.951] [30879] [HailoRT] [info] [vdevice.cpp:523] [create] Creating vdevice with params: device_count: 1, scheduling_algorithm: ROUND_ROBIN, multi_process_service: false
[2025-04-24 16:30:20.964] [30879] [HailoRT] [info] [device.cpp:49] [Device] OS Version: Linux 6.12.20+rpt-rpi-2712 #1 SMP PREEMPT Debian 1:6.12.20-1+rpt1~bpo12+1 (2025-03-19) aarch64
[2025-04-24 16:30:20.965] [30879] [HailoRT] [info] [control.cpp:108] [control__parse_identify_results] firmware_version is: 4.20.0
[2025-04-24 16:30:20.965] [30879] [HailoRT] [info] [vdevice.cpp:651] [create] VDevice Infos: 0001:01:00.0
[2025-04-24 16:30:21.050] [30879] [HailoRT] [info] [hef.cpp:1929] [get_network_group_and_network_name] No name was given. Addressing all networks of default network_group: yolov8s_pose
[2025-04-24 16:30:21.050] [30879] [HailoRT] [info] [hef.cpp:1929] [get_network_group_and_network_name] No name was given. Addressing all networks of default network_group: yolov8s_pose
[2025-04-24 16:30:21.096] [30906] [HailoRT] [info] [internal_buffer_manager.cpp:204] [print_execution_results] Planned internal buffer memory: CMA memory 0, user memory 6148096. memory to edge layer usage factor is 0.7699904
[2025-04-24 16:30:21.096] [30906] [HailoRT] [info] [internal_buffer_manager.cpp:212] [print_execution_results] Default Internal buffer planner executed successfully
[2025-04-24 16:30:21.140] [30906] [HailoRT] [info] [device_internal.cpp:57] [configure] Configuring HEF took 56.802536 milliseconds
[2025-04-24 16:30:21.140] [30906] [HailoRT] [info] [vdevice.cpp:749] [configure] Configuring HEF on VDevice took 57.209335 milliseconds
[2025-04-24 16:30:21.140] [30906] [HailoRT] [info] [infer_model.cpp:436] [configure] Configuring network group 'yolov8s_pose' with params: batch size: 2, power mode: PERFORMANCE, latency: NONE
[2025-04-24 16:30:21.140] [30906] [HailoRT] [info] [multi_io_elements.cpp:756] [create] Created (AsyncHwEl)
[2025-04-24 16:30:21.141] [30906] [HailoRT] [info] [queue_elements.cpp:450] [create] Created (EntryPushQEl0yolov8s_pose/input_layer1 | timeout: 10s)
[2025-04-24 16:30:21.141] [30906] [HailoRT] [info] [filter_elements.cpp:101] [create] Created (PreInferEl2yolov8s_pose/input_layer1 | Reorder - src_order: RGB4, src_shape: (640, 640, 3), dst_order: NHWC, dst_shape: (640, 640, 3))
[2025-04-24 16:30:21.141] [30906] [HailoRT] [info] [queue_elements.cpp:450] [create] Created (PushQEl2yolov8s_pose/input_layer1 | timeout: 10s)
[2025-04-24 16:30:21.141] [30906] [HailoRT] [info] [edge_elements.cpp:187] [create] Created (LastAsyncEl5AsyncHwEl)
[2025-04-24 16:30:21.141] [30906] [HailoRT] [info] [queue_elements.cpp:450] [create] Created (PushQEl6AsyncHwEl | timeout: 10s)
[2025-04-24 16:30:21.141] [30906] [HailoRT] [info] [filter_elements.cpp:375] [create] Created (PostInferEl6AsyncHwEl | Reorder - src_order: FCR, src_shape: (20, 20, 56), dst_order: FCR, dst_shape: (20, 20, 51))
[2025-04-24 16:30:21.141] [30906] [HailoRT] [info] [edge_elements.cpp:187] [create] Created (LastAsyncEl0PostInferEl6AsyncHwEl)
[2025-04-24 16:30:21.141] [30906] [HailoRT] [info] [edge_elements.cpp:187] [create] Created (LastAsyncEl7AsyncHwEl)
[2025-04-24 16:30:21.141] [30906] [HailoRT] [info] [edge_elements.cpp:187] [create] Created (LastAsyncEl1AsyncHwEl)
[2025-04-24 16:30:21.141] [30906] [HailoRT] [info] [edge_elements.cpp:187] [create] Created (LastAsyncEl2AsyncHwEl)
[2025-04-24 16:30:21.141] [30906] [HailoRT] [info] [edge_elements.cpp:187] [create] Created (LastAsyncEl3AsyncHwEl)
[2025-04-24 16:30:21.141] [30906] [HailoRT] [info] [queue_elements.cpp:450] [create] Created (PushQEl0AsyncHwEl | timeout: 10s)
[2025-04-24 16:30:21.141] [30906] [HailoRT] [info] [filter_elements.cpp:375] [create] Created (PostInferEl0AsyncHwEl | Reorder - src_order: FCR, src_shape: (40, 40, 56), dst_order: FCR, dst_shape: (40, 40, 51))
[2025-04-24 16:30:21.141] [30906] [HailoRT] [info] [edge_elements.cpp:187] [create] Created (LastAsyncEl0PostInferEl0AsyncHwEl)
[2025-04-24 16:30:21.141] [30906] [HailoRT] [info] [edge_elements.cpp:187] [create] Created (LastAsyncEl8AsyncHwEl)
[2025-04-24 16:30:21.141] [30906] [HailoRT] [info] [queue_elements.cpp:450] [create] Created (PushQEl4AsyncHwEl | timeout: 10s)
[2025-04-24 16:30:21.141] [30906] [HailoRT] [info] [filter_elements.cpp:375] [create] Created (PostInferEl4AsyncHwEl | Reorder - src_order: FCR, src_shape: (80, 80, 56), dst_order: FCR, dst_shape: (80, 80, 51))
[2025-04-24 16:30:21.141] [30906] [HailoRT] [info] [edge_elements.cpp:187] [create] Created (LastAsyncEl0PostInferEl4AsyncHwEl)
[2025-04-24 16:30:21.141] [30906] [HailoRT] [info] [pipeline.cpp:891] [print_deep_description] EntryPushQEl0yolov8s_pose/input_layer1 | inputs: user | outputs: PreInferEl2yolov8s_pose/input_layer1(running in thread_id: 30934)
[2025-04-24 16:30:21.141] [30906] [HailoRT] [info] [pipeline.cpp:891] [print_deep_description] PreInferEl2yolov8s_pose/input_layer1 | inputs: EntryPushQEl0yolov8s_pose/input_layer1[0] | outputs: PushQEl2yolov8s_pose/input_layer1
[2025-04-24 16:30:21.141] [30906] [HailoRT] [info] [pipeline.cpp:891] [print_deep_description] PushQEl2yolov8s_pose/input_layer1 | inputs: PreInferEl2yolov8s_pose/input_layer1[0] | outputs: AsyncHwEl(running in thread_id: 30935)
[2025-04-24 16:30:21.141] [30906] [HailoRT] [info] [pipeline.cpp:891] [print_deep_description] AsyncHwEl | inputs: PushQEl2yolov8s_pose/input_layer1[0] | outputs: PushQEl0AsyncHwEl LastAsyncEl1AsyncHwEl LastAsyncEl2AsyncHwEl LastAsyncEl3AsyncHwEl PushQEl4AsyncHwEl LastAsyncEl5AsyncHwEl PushQEl6AsyncHwEl LastAsyncEl7AsyncHwEl LastAsyncEl8AsyncHwEl
[2025-04-24 16:30:21.141] [30906] [HailoRT] [info] [pipeline.cpp:891] [print_deep_description] PushQEl0AsyncHwEl | inputs: AsyncHwEl[0] | outputs: PostInferEl0AsyncHwEl(running in thread_id: 30937)
[2025-04-24 16:30:21.141] [30906] [HailoRT] [info] [pipeline.cpp:891] [print_deep_description] PostInferEl0AsyncHwEl | inputs: PushQEl0AsyncHwEl[0] | outputs: LastAsyncEl0PostInferEl0AsyncHwEl
[2025-04-24 16:30:21.141] [30906] [HailoRT] [info] [pipeline.cpp:891] [print_deep_description] LastAsyncEl0PostInferEl0AsyncHwEl | inputs: PostInferEl0AsyncHwEl[0] | outputs: user
[2025-04-24 16:30:21.141] [30906] [HailoRT] [info] [pipeline.cpp:891] [print_deep_description] LastAsyncEl1AsyncHwEl | inputs: AsyncHwEl[0] | outputs: user
[2025-04-24 16:30:21.141] [30906] [HailoRT] [info] [pipeline.cpp:891] [print_deep_description] LastAsyncEl2AsyncHwEl | inputs: AsyncHwEl[0] | outputs: user
[2025-04-24 16:30:21.141] [30906] [HailoRT] [info] [pipeline.cpp:891] [print_deep_description] LastAsyncEl3AsyncHwEl | inputs: AsyncHwEl[0] | outputs: user
[2025-04-24 16:30:21.141] [30906] [HailoRT] [info] [pipeline.cpp:891] [print_deep_description] PushQEl4AsyncHwEl | inputs: AsyncHwEl[0] | outputs: PostInferEl4AsyncHwEl(running in thread_id: 30938)
[2025-04-24 16:30:21.141] [30906] [HailoRT] [info] [pipeline.cpp:891] [print_deep_description] PostInferEl4AsyncHwEl | inputs: PushQEl4AsyncHwEl[0] | outputs: LastAsyncEl0PostInferEl4AsyncHwEl
[2025-04-24 16:30:21.141] [30906] [HailoRT] [info] [pipeline.cpp:891] [print_deep_description] LastAsyncEl0PostInferEl4AsyncHwEl | inputs: PostInferEl4AsyncHwEl[0] | outputs: user
[2025-04-24 16:30:21.141] [30906] [HailoRT] [info] [pipeline.cpp:891] [print_deep_description] LastAsyncEl5AsyncHwEl | inputs: AsyncHwEl[0] | outputs: user
[2025-04-24 16:30:21.141] [30906] [HailoRT] [info] [pipeline.cpp:891] [print_deep_description] PushQEl6AsyncHwEl | inputs: AsyncHwEl[0] | outputs: PostInferEl6AsyncHwEl(running in thread_id: 30936)
[2025-04-24 16:30:21.141] [30906] [HailoRT] [info] [pipeline.cpp:891] [print_deep_description] PostInferEl6AsyncHwEl | inputs: PushQEl6AsyncHwEl[0] | outputs: LastAsyncEl0PostInferEl6AsyncHwEl
[2025-04-24 16:30:21.141] [30906] [HailoRT] [info] [pipeline.cpp:891] [print_deep_description] LastAsyncEl0PostInferEl6AsyncHwEl | inputs: PostInferEl6AsyncHwEl[0] | outputs: user
[2025-04-24 16:30:21.141] [30906] [HailoRT] [info] [pipeline.cpp:891] [print_deep_description] LastAsyncEl7AsyncHwEl | inputs: AsyncHwEl[0] | outputs: user
[2025-04-24 16:30:21.141] [30906] [HailoRT] [info] [pipeline.cpp:891] [print_deep_description] LastAsyncEl8AsyncHwEl | inputs: AsyncHwEl[0] | outputs: user
[2025-04-24 16:30:21.542] [30920] [HailoRT] [info] [hef.cpp:1929] [get_network_group_and_network_name] No name was given. Addressing all networks of default network_group: yolov8s_pose
[2025-04-24 17:03:24.018] [31063] [HailoRT] [info] [device.cpp:49] [Device] OS Version: Linux 6.12.20+rpt-rpi-2712 #1 SMP PREEMPT Debian 1:6.12.20-1+rpt1~bpo12+1 (2025-03-19) aarch64
[2025-04-24 17:03:24.019] [31063] [HailoRT] [info] [control.cpp:108] [control__parse_identify_results] firmware_version is: 4.20.0
[2025-04-24 17:03:24.019] [31063] [HailoRT] [info] [control.cpp:108] [control__parse_identify_results] firmware_version is: 4.20.0
[2025-04-25 14:44:15.881] [33727] [HailoRT] [info] [device.cpp:49] [Device] OS Version: Linux 6.12.20+rpt-rpi-2712 #1 SMP PREEMPT Debian 1:6.12.20-1+rpt1~bpo12+1 (2025-03-19) aarch64
[2025-04-25 14:44:15.882] [33727] [HailoRT] [info] [control.cpp:108] [control__parse_identify_results] firmware_version is: 4.20.0
[2025-04-25 14:44:15.883] [33727] [HailoRT] [info] [control.cpp:108] [control__parse_identify_results] firmware_version is: 4.20.0
